,author,body,date,helpful,rating,title
0,[],"['\n\n\n\n\n\n\n\n\n\n  \n  \n    ', '\n  So I already had Phillips Hue bulbs all around the house, and being a big fan of having a complete smart home I wanted to add a thermostat. I bought this when it was on a black Friday deal and was a great price so it was hard to refuse as I had been wanting one for quite some time.', 'I decided on this one over the Nest or any others because in my opinion it looked a little more sophisticated, but obviously that is down to personal preference.', ""I can say I couldn't be happier with the product, was so easy to install, simply went in place of my old non smart thermostats and then a quick set up with the hub and the app and it was done."", 'Alexa integration is brilliant all i have to say when I get a little cold now is ""Alexa make downstairs/upstairs 22 degress"" for example and its donw almost instantly. Does everything I needed it to do. Plus the app is great for setting heating when away from home and setting up schedules. Also the interface on the actual unit is really easy to use if you prefer to use that to change the settings. The boost function on the unit and the app is great too if you just want to put the heating on for half and hour or whatever you want.', ""I can't recommend this enough, if you are looking for a full smart home set up, this is a must.\n"", '\n  \n']",['Reviewed in the United Kingdom on 3 September 2019'],['2 people found this helpful'],['5.0 out of 5 stars'],"['\n\n\n\n\n\n\n\n  \n  \n    ', 'Great for those who love a smart home', '\n  \n']"
1,[],"['\n\n\n\n\n\n\n\n\n\n  \n  \n    ', '\n  I can‚Äôt comment on the installation because I paid a local trader to install it for me. There were no problems.', 'On using the hive system I think it‚Äôs brilliant. I‚Äôve had no major issue. Only a small thing where I set the schedule for the next morning for a certain time and it didn‚Äôt come on as planned.', 'It works flawlessly with Alexa. And the hive app is very easy to use.', 'I‚Äôm a little disappointed that the screen on thermostat goes off after a few seconds to save battery power. So you have to touch it to see the temperature or check the app.', 'Overall though I‚Äôm pleased with the system. Only been using for two weeks so time will tell .\n', '\n  \n']",['Reviewed in the United Kingdom on 7 December 2020'],[],['4.0 out of 5 stars'],"['\n\n\n\n\n\n\n\n  \n  \n    ', 'Great system', '\n  \n']"
2,[],"['\n\n\n\n\n\n\n\n\n\n  \n  \n    ', '\n  I‚Äôve never fitted one of these before, but have a healthy interest in everything DIY, electrical etc, so, I thought I‚Äôd dive it a go.', 'I must say, it took me around 15 to 20 minutes to fit and set up, very easy. It t has a schedule which is very to set up, and once you set the times and temperatures you‚Äôre happy with for every Monday, you copy and paste them in to the rest of the week, easy!', 'I used to have a Netatmo thermostat, but unfortunately it stopped working after a year, due to someone I think putting a virus in their system. Anyway, I digress. This system is very nice and easy in every department, and would definitely recommend it.\n', '\n  \n']",['Reviewed in the United Kingdom on 10 January 2021'],['One person found this helpful'],['5.0 out of 5 stars'],"['\n\n\n\n\n\n\n\n  \n  \n    ', 'Easy to fit if you know how.', '\n  \n']"
3,[],"['\n\n\n\n\n\n\n\n\n\n  \n  \n    ', ""\n  I have a combi boiler with an internet-enabled control (Hive 1?) but it doesn't get all features of Hive. Upgrading to Hive 2 is relative easy on the hardware part. However, you still need to swap out the hub, receiver and thermostat as British Gas has changed everything."", 'My old receiver is a British Gas WR1 which has a compatible backplate with the new Hive receiver. Just power off, take out the old receiver, and put the new one onto the old backplate. That was easy.', 'The new Hive 2 thermostat is also super easy to set up.', 'Changing the hub takes some effort. First, the new Hive hub takes a while to get to the flashing amber light. The green light must have flashed for 5-10 minutes. Just be patient. However, the really trouble is linking the new Hub to the Hive app/account. There is no easy way to unlink the old nano hub from my existing Hive account, and thus no way to input the new hub ID. I have to phone Hive technical support to do the swap over. Basically they removed the old hub from my account and that initiates the Hive app to ask for the new hub ID. Hive could have made this easier! The support line works 7 days until 9:00pm, which is good. But I still waited > 11 min to get someone on the phone.', 'One warning on Google Home integration: Although Google Home claims to work with Hive, the integration is buggy. ""Turn heating off"" leaves the Hive thermostat in ""schedule"", not off, but sets the target temperature to lowest. ""Turn heating on"" does nothing: Hive is left in schedule mode, with no change in target temperature. That means heating won\'t come back on. I chatted with Google Home\'s support and they confessed that the features are not working yet. How disappointing? *** However ***, IFTTT comes to the rescue. IFTTT can really turn heating between off and schedule. The shame is that you cannot ask Google Home ""what is my home temperature"".', ""In conclusion, the weaknesses above are not with the Hive thermostat. It is either British Gas' or Google's problem. The product is very good.\n"", '\n  \n']",['Reviewed in the United Kingdom on 2 December 2018'],[],['5.0 out of 5 stars'],"['\n\n\n\n\n\n\n\n  \n  \n    ', 'Installation is easy but can be easier.', '\n  \n']"
4,[],"['\n\n\n\n\n\n\n\n\n\n  \n  \n    ', '\n  Brought during the Prime Day sale, got it for ¬£95, and fitted it myself, quite straight forward, if you have a good electrical understanding. Bough Gray surround, A‚Äôs the white standard one looks cheap and nasty. Works well with Alexa, once you remember the correct words to use when speaking to Alexa. Also have the Hive app on my phone which is really handy.\n', '\n  \n']",['Reviewed in the United Kingdom on 13 August 2019'],['6 people found this helpful'],['4.0 out of 5 stars'],"['\n\n\n\n\n\n\n\n  \n  \n    ', 'Looks the part', '\n  \n']"
5,[],"['\n\n\n\n\n\n\n\n\n\n  \n  \n    ', '\n  Easy to physically install, a bit of a faff to get the hub paired with my phone and thermostat (most of that might be me not reading the instructions properly first time though). Once it‚Äôs paired though, it‚Äôs excellent. Install the Hive skill on Alexa and tell her the temperature - it‚Äôs the lazy man‚Äôs dream. There‚Äôs an app for your phone and (on my Apple Watch anyway) and app on your smart watch. I‚Äôm at work now and I could quite easily turn the heating off to save on the energy bills. I won‚Äôt though as the Mrs would be less than pleased at the heating going off.\n', '\n  \n']",['Reviewed in the United Kingdom on 9 March 2021'],[],['5.0 out of 5 stars'],"['\n\n\n\n\n\n\n\n  \n  \n    ', 'Voice activated heating with Alexa - what more would you need?', '\n  \n']"
6,[],"['\n\n\n\n\n\n\n\n\n\n  \n  \n    ', '\n  This was so easy to self install I couldn‚Äôt believe it. Good instructions included for the installation process, which I actually read and paid attention to. The big bonus, as I noted with another reviewer, was that my existing heating receiver was wired up exactly as the Hive receiver needed to be.  Also, the old one had the same base plate fixings so all I had to do was remove the old faceplate, and put the new one in its place. I didn‚Äôt have to undo or move a single wire. Note my old thermostat was a wireless version, so no wires to worry about disconnecting at the other end either.', 'After that, and without anything further from me, everything started magically working. The Hive app is now downloaded and connected as well, again, very simple.\n', '\n  \n']",['Reviewed in the United Kingdom on 24 August 2019'],['One person found this helpful'],['5.0 out of 5 stars'],"['\n\n\n\n\n\n\n\n  \n  \n    ', 'Easy self install if you have existing controllers already', '\n  \n']"
7,[],"['\n\n\n\n\n\n\n\n\n\n  \n  \n    ', ""\n  I bought this so I could remotely turn my heating on and off.  I don't always go straight home, so I can use my smart phone to turn the heating from 'scheduled' (timer) to 'off' until im ready to put it back on again when im on my way home.  So its saving heating my house while im not going to be home.  The installation was straight forward, I did a little youtube and googling to make sure I was sure on the best way forward.  In the end I installed the controller straight to the boilers control board.  The thermostat is a nicely built and attractive unit.  I got mine in the sale for ¬£109 and it has been worth every penny for me."", 'I will be looking to add some more hive products in the future, mainly a light bulb for my living room.\n', '\n  \n']",['Reviewed in the United Kingdom on 29 December 2019'],[],['5.0 out of 5 stars'],"['\n\n\n\n\n\n\n\n  \n  \n    ', 'Saving me money', '\n  \n']"
8,[],"['\n\n\n\n\n\n\n\n\n\n  \n  \n    ', '\n  It‚Äôs a great product when it works. But it proved to be pretty unreliable, thermostat keeps disconnecting and not coming back. Reliability should be the top priority as any other feature is useless when your house is cold.', 'I used hive for the whole winter and had probably about 7 days of unexpected freezing cold temperatures due to connecting issues. Coming back from work and finding my house cold or waking up in cold are really unpleasant situations that shouldn‚Äôt happen. Usually it requires me to remove the batteries and install them back and/or restart the part connected to the boiler.', 'I would return the product if possible as i am really disappointed and would try something else. I haven‚Äôt used any other similar system to be able to assess where it stands vs competitors.\n', '\n  \n']",['Reviewed in the United Kingdom on 23 March 2019'],['2 people found this helpful'],['2.0 out of 5 stars'],"['\n\n\n\n\n\n\n\n  \n  \n    ', 'Thermostat keeps disconnecting', '\n  \n']"
9,[],"['\n\n\n\n\n\n\n\n\n\n  \n  \n    ', '\n  It‚Äôs ideal and I do believe it saves you abit of money as you can control it from anywhere in the house. I wake up in the morning to a cold house and say three words ‚ÄòAlexa Heating on‚Äô and boom the boiler is firing up. Then when I leave my house I say ‚ÄòAlexa Goodbye. I don‚Äôt think it‚Äôs lazy just makes things easier and simpler. I like it and it suits me to a tea just wish I had bought it sooner.', 'I only use the manual setting and don‚Äôt use the programme setting so can‚Äôt comment on that. But if you have an Echo or similar it works very well. And a smart phone for when your away from home and want to come home to a warm house or turn off the heating ideal. I like it.\n', '\n  \n']",['Reviewed in the United Kingdom on 18 April 2021'],[],['4.0 out of 5 stars'],"['\n\n\n\n\n\n\n\n  \n  \n    ', 'Really good and makes your home even more homely.', '\n  \n']"
0,[],"['\n\n\n\n\n\n\n\n\n\n  \n  \n    ', ""\n  Absolutely fantastic and worth every penny. Works great with alexa but I love the app on my phone. It's so great to be able to put your heat on no matter were you are just in time for you coming home."", ""I wished we'd bought one a lot sooner.\n"", '\n  \n']",['Reviewed in the United Kingdom on 7 May 2021'],[],['5.0 out of 5 stars'],"['\n\n\n\n\n\n\n\n  \n  \n    ', 'Brilliant gadget', '\n  \n']"
1,[],"['\n\n\n\n\n\n\n\n\n\n  \n  \n    ', ""\n  Very Impressed with the hive controller.  It doesn't seem to be as 'smart' as the nest but its very simple to use and install.  (it doesn't sense when there's no one home etc although you can set geo locations so it will send you reminders when you leave the house with the heating on full blast and a compatible motion sensor is available if that's your bag)  A lot of thought seems to have gone into the design and function of this device.  For example the receiver element of the hive can be slotted onto the base plates for many existing boiler controllers which means that no rewiring was required.  Also the hive thermostat is battery powered and needs no wires or external supply.  Merely pick a location and fit the back plate with the enclosed screws to the wall.  The back plate of the thermostat is even designed with holes arranged so that it can be fitted to a standard single gang back box.  The thermostat is simple and intuitive to use as well as being aesthetically pleasing.  The temperature setting dial and buttons give positive, tactile feedback and are precise and solid.  The user interface online and on the mobile is simple and concise and its easy to control the device and set schedules.  I have a combi boiler in the attic with a controller where i could set a schedule and control the boiler in a cupboard up stairs, but didn't have any room thermostats  So my main reason for installing the hive was to provide temperature control of my central heating system rather than relying on the position of the valves on the individual radiators.  Installation was extremely simple,  as mentioned I simply removed the front of the old controller and fitted the new transmitter to the base, plugged the wireless unit into my router and mounted the thermostat on the wall in my living room.  (I just used a couple of command strips initially)  Everything synchronised and updated and then it was just a matter of registering the device online and creating an account.\n"", '\n  \n']",['Reviewed in the United Kingdom on 2 December 2015'],[],['4.0 out of 5 stars'],"['\n\n\n\n\n\n\n\n  \n  \n    ', 'Auesthically pleasing, well designed and easy to install and operate', '\n  \n']"
2,[],"['\n\n\n\n\n\n\n\n\n\n  \n  \n    ', ""\n  Absolutely brilliant! Hardest part was trying to install the receiver in the end I had to pay someone to do that bit but I did the rest myself (hub... thermostat.. programming) this was really easy and straightforward I'm really happy with the ease of use and control I now have over my heating, I would definitely recommend!! üëç\n"", '\n  \n']",['Reviewed in the United Kingdom on 1 May 2019'],['One person found this helpful'],['5.0 out of 5 stars'],"['\n\n\n\n\n\n\n\n  \n  \n    ', 'Amazing! So happy with it!', '\n  \n']"
3,[],"['\n\n\n\n\n\n\n\n\n\n  \n  \n    ', '\n  Having struggled with a different, more expensive, control system since our new heating system was installed, I bit the bullet and ordered a Hive kit with Alexa Dot. I was apprehensive  as I began the install procedure, anticipating glitches along the way. I need not have worried as the hub detected the receiver, the thermostat, the Alexa Dot and my smart phone with hardly any input from me. A quick test showed that all were working properly and have continued to do so.  Money well spent.\n', '\n  \n']",['Reviewed in the United Kingdom on 25 May 2021'],[],['5.0 out of 5 stars'],"['\n\n\n\n\n\n\n\n  \n  \n    ', 'Simples', '\n  \n']"
4,[],"['\n\n\n\n\n\n\n\n\n\n  \n  \n    ', ""\n  Having done my research on this on the internet I found an identical boiler as mine, even though 10 years old, with a corresponding wire diagram. I fitted it myself very easily and works perfect. I can programme and override to my hearts content. I'm going to save myself a fortune in gas by turning off the heating remotely when nobody is in the house.\n"", '\n  \n']",['Reviewed in the United Kingdom on 31 December 2019'],[],['5.0 out of 5 stars'],"['\n\n\n\n\n\n\n\n  \n  \n    ', 'Easy to install yourself if you research. Very very good.', '\n  \n']"
5,[],"['\n\n\n\n\n\n\n\n\n\n  \n  \n    ', '\n  Product itself looks to be solid with good build quality.  You also get the Hive hub in this kit which means that you can link to Alexa once the system is set up.  However,  tech/service support is a joke.  Two different British Gas/Hive reps insisted that this can be installed with district central heating.  Trust me, it cannot!!!  Amazon were fantastic in processing refund straightaway.\n', '\n  \n']",['Reviewed in the United Kingdom on 24 August 2019'],['One person found this helpful'],['2.0 out of 5 stars'],"['\n\n\n\n\n\n\n\n  \n  \n    ', 'Does NOT work with district central heating systems', '\n  \n']"
6,[],"['\n\n\n\n\n\n\n\n\n\n  \n  \n    ', ""\n  I'd read a lot of mixed reviews. Fortunately I am capable of a bit of wiring here and there. Checked out the images and looked at my own ancient heating system. Had this all set up and running within the hour. Sensor picked up WIFI easy enough, this was one concern as we are in a stone cottage and WIFI tends to break / stops at the kitchen, this is where the controller is. Personally, great when you're out on the hills all day and come home late to be able to adjust the heating for the arrival.\n"", '\n  \n']",['Reviewed in the United Kingdom on 26 November 2019'],[],['5.0 out of 5 stars'],"['\n\n\n\n\n\n\n\n  \n  \n    ', 'Easy to install, easy to use', '\n  \n']"
7,[],"['\n\n\n\n\n\n\n\n\n\n  \n  \n    ', '\n  Warning this unit is so buggy firstly look for blogs on unable to get correct time from servers', 'Secondly the unit reads wrong temperature same again blogs everywhere', 'Also clock issue with me so emailed 3 times no answers from anybody', 'Did get to chat online with young lady and tried several things to sort problem then effectively gave up and said try this link which was in the manual anyway so insulting to ones intelligents', 'So beware unfinished bit of kit\n', '\n  \n']",['Reviewed in the United Kingdom on 17 January 2019'],[],['1.0 out of 5 stars'],"['\n\n\n\n\n\n\n\n  \n  \n    ', 'Unfinished software and bad hive communications', '\n  \n']"
8,[],"['\n\n\n\n\n\n\n\n\n\n  \n  \n    ', '\n  After doing a lot of research on Hive, Nest and Honeywell I decided that Hive home was for me.', 'The main benefit is the multizone support as I have underfloor heating in the kitchem which works off a different system. Once all set up I was quickly able to set a schedule on the app for the week and set alerts for when I leave the house or on my way home.', ""I've since added movement sensors and door sensors to the system which alerts me when they are opened."", ""Being quite competent, I installed the system myself although I did have to call my electrician friend at one point as it wasn't totally clear in the manual. I would recommend the install by British Gas if budget allows.\n"", '\n  \n']",['Reviewed in the United Kingdom on 14 February 2016'],[],['5.0 out of 5 stars'],"['\n\n\n\n\n\n\n\n  \n  \n    ', ""Best thing I've ever bought."", '\n  \n']"
9,[],"['\n\n\n\n\n\n\n\n\n\n  \n  \n    ', '\n  I had always wanted this hive thermostat but was never sure on spending so much money on effectively just a thermostat.', ""After taking the plunge to buy and self install. I'd say get one as it makes life just that little bit easier!"", 'Took 20mins to install (I have other hive products so hive hub was already set up)', 'I use this mainly for when working on call, so before I set off home on a cold or wet day I can put the heating on so I get in to a nice warm home.\n', '\n  \n']",['Reviewed in the United Kingdom on 22 March 2019'],[],['5.0 out of 5 stars'],"['\n\n\n\n\n\n\n\n  \n  \n    ', 'Worth the money', '\n  \n']"
0,[],"['\n\n\n\n\n\n\n\n\n\n  \n  \n    ', '\n  I purchased this in the black friday sales with being a heating only system after being quoted more to supply and ¬£200 to fit by a local heating company. Following the instructions for install was easy but at first the boiler wasnt fireing up on demand until it was found that a live bridge wire was required to supply a live feed to the common terminal in the receiver box this was down to the previous system not requiring this but an easy fix. From unpacking to contolling from app (including creating new account) took 45mins and saved ¬£270 on quoted install.\n', '\n  \n']",['Reviewed in the United Kingdom on 30 December 2019'],[],['5.0 out of 5 stars'],"['\n\n\n\n\n\n\n\n  \n  \n    ', 'Easy install if diy savvy', '\n  \n']"
1,[],"['\n\n\n\n\n\n\n\n\n\n  \n  \n    ', '\n  This product is not worth your time and money. The hub would not pair with my BT hub rang customer support who told me that the hub should be 3mts above the router l happen to reside in a bungalow, so it would mean positioning it in the roof? Clearly anon starter\n', '\n  \n']",['Reviewed in the United Kingdom on 15 December 2021'],[],['1.0 out of 5 stars'],"['\n\n\n\n\n\n\n\n  \n  \n    ', ""Don't waste your time and money on this product"", '\n  \n']"
2,[],"['\n\n\n\n\n\n\n\n\n\n  \n  \n    ', ""\n  Bought it for our caravan to fit to a Morco GB24 boiler. Works great ,has frost protection and it's good to be able to turn the heating on remotely before heading down. Only complaint would be If not replacing an existing thermostat there is no bracket supplied to surface mount it which you cant do due to cable entry so to wall mount it you will need a standard surface mount single gang back box along with a blanking face plate. Carefully make hole for cable through back box and blanking plate and fit receiver to back box with blanking plate inbetween.\n"", '\n  \n']",['Reviewed in the United Kingdom on 26 January 2020'],[],['4.0 out of 5 stars'],"['\n\n\n\n\n\n\n\n  \n  \n    ', 'Very pleased , works well', '\n  \n']"
3,[],"['\n\n\n\n\n\n\n\n\n\n  \n  \n    ', '\n  I can‚Äôt do without my Hive.', 'It‚Äôs very easy to use. My plumber wired it in and set it all up for me. I don‚Äôt thing it‚Äôs hard to set up as he did it a few minutes. Now I can just turn the heating on off up or down just using my mobile. Oh by the way it‚Äôs wifey proof too (she isn‚Äôt tech savvy at all)\n', '\n  \n']",['Reviewed in the United Kingdom on 6 June 2020'],[],['5.0 out of 5 stars'],"['\n\n\n\n\n\n\n\n  \n  \n    ', 'Easy to use and wifey proof', '\n  \n']"
4,[],"['\n\n\n\n\n\n\n\n\n\n  \n  \n    ', '\n  Bought a google nest originally. Google nest was well built but the software is terrible. We had nothing but issues with it and google nest did not want to know. Lost ¬£140 because of installation and call charges in the end but managed to get a refund through Amazon for the nest item luckily. Then bought the hive. Much easier to use. It‚Äôs not as well built as the nest but the software is better and much easier to install and use. Do not buy nest buy hive.\n', '\n  \n']",['Reviewed in the United Kingdom on 12 November 2020'],[],['5.0 out of 5 stars'],"['\n\n\n\n\n\n\n\n  \n  \n    ', 'Much better than google nest', '\n  \n']"
5,[],"['\n\n\n\n\n\n\n\n\n\n  \n  \n    ', '\n  Simply could not get this to pair to begin with.  Didn‚Äôt spot the old programmer on my boiler had another wireless receiver hidden behind the cupboard.  Once I removed that, all is working.  The lack of a phone number to call for help is why I am marking this down.  There is a support line in the US but not UK, even though the error message on the thermostat reverts to ‚Äúcall customer service‚Äù when it can‚Äôt connect.\n', '\n  \n']",['Reviewed in the United Kingdom on 6 January 2021'],[],['3.0 out of 5 stars'],"['\n\n\n\n\n\n\n\n  \n  \n    ', 'Struggled to get it to pair', '\n  \n']"
6,[],"['\n\n\n\n\n\n\n\n\n\n  \n  \n    ', '\n  Easy to install as a DIY-er. The thermostat provides pretty comprehensive and easy-to-use control over the central heating. And that control is extended and even easier using the associated app. Managed to buy it on a flash deal. Thoroughly recommended.\n', '\n  \n']",['Reviewed in the United Kingdom on 11 June 2021'],[],['5.0 out of 5 stars'],"['\n\n\n\n\n\n\n\n  \n  \n    ', 'Easy control of your heating', '\n  \n']"
7,[],"['\n\n\n\n\n\n\n\n\n\n  \n  \n    ', '\n  Useful product for controlling your heating when out and about or if your too lazy to walk upto your thermostat and turn the heating off.', ""The geolocation feature is fab, it allows you to turn the heating off remotely when your out so you don't heat an empty home and also turn on heating when your on your way back provided the GPS on your phone is active."", 'It has paid for itself in 12 months with the granular controls for heating via my phone.\n', '\n  \n']",['Reviewed in the United Kingdom on 14 February 2020'],[],['5.0 out of 5 stars'],"['\n\n\n\n\n\n\n\n  \n  \n    ', 'Modern Thermostat for 21st century', '\n  \n']"
8,[],"['\n\n\n\n\n\n\n\n\n\n  \n  \n    ', ""\n  Originally ordered the heating and hot water product but didn't work very well with my combi boiler. Sent it back and ordered the 'heating only' version. Installation was very easy but the receiver doesn't work. It doesn't fire up the boiler. Put old thermostat back on and that worked fine, so not a problem with the boiler. Must be the Hive product. Also app and website are appalling for instructions on how to link your replacement hub to the app. Ended up creating a new account. Am sending a second Hive back and then looking at Nest products.\n"", '\n  \n']",['Reviewed in the United Kingdom on 27 November 2018'],['One person found this helpful'],['1.0 out of 5 stars'],"['\n\n\n\n\n\n\n\n  \n  \n    ', 'Faulty receiver', '\n  \n']"
9,[],"['\n\n\n\n\n\n\n\n\n\n  \n  \n    ', ""\n  This is one of those products that you don't know how you managed with it. We use this daily and its never let us down, easy to install and very easy to use.\n"", '\n  \n']",['Reviewed in the United Kingdom on 20 January 2022'],[],['5.0 out of 5 stars'],"['\n\n\n\n\n\n\n\n  \n  \n    ', 'Cant Live without it', '\n  \n']"
0,[],"['\n\n\n\n\n\n\n\n\n\n  \n  \n    ', '\n  well installed this myself, not a difficult job if you are tech aware and maybe an understanding of wireing if yiu need to change back plate, im glad this works perfectly with hive and IFTTT because the hive app isnt the best and the geo fencing is pointless, i will be driving then get an alert asking if i have left the house, it should be more automated and work like a routine in Alexa , just what i think.\n', '\n  \n']",['Reviewed in the United Kingdom on 20 January 2020'],[],['5.0 out of 5 stars'],"['\n\n\n\n\n\n\n\n  \n  \n    ', 'if you lkke your tech', '\n  \n']"
1,[],"['\n\n\n\n\n\n\n\n\n\n  \n  \n    ', '\n  I received this unit in exchange after mistakenly first buying the ""heating and hot water"" version on sale from Amazon.  Amazon\'s description made no mention of the fact that it was mandatory to have a separate hot water tank in order for that version to work. Because the promotion was over when I got the original new item I had to return it in exchange for the ""warehouse deals"" version which was listed at the same price.  Now I am left with a previously opened device that was sent to me without batteries or an Ethernet cable and is not fit for purpose out of the box. The customer service i have received has since been very poor indeed - spending a long time on hold and even being hung up on by the first person i spoke to.\n', '\n  \n']",['Reviewed in the United Kingdom on 5 September 2018'],['One person found this helpful'],['3.0 out of 5 stars'],"['\n\n\n\n\n\n\n\n  \n  \n    ', ""Product seems ok - BUT Amazon's service has been very very poor"", '\n  \n']"
2,[],"['\n\n\n\n\n\n\n\n\n\n  \n  \n    ', '\n  Got this in the sale! Great design and work\'s very well. Since having a combi installed 12 months ago I thought I would get this little gadget and I love it. I just leave the boiler switched ""on"" permanently and let this device/ smartphone control all the settings either at home or out and about.\n', '\n  \n']",['Reviewed in the United Kingdom on 13 January 2019'],['One person found this helpful'],['5.0 out of 5 stars'],"['\n\n\n\n\n\n\n\n  \n  \n    ', 'Goodbye to wasted energy', '\n  \n']"
3,[],"['\n\n\n\n\n\n\n\n\n\n  \n  \n    ', '\n  Great product, thought I could wire in myself, no chance, even the electrician took 2 hrs and a few utube videos. Added lights and sockets now. I‚Äôve got a combi boiler, there was only the switch wire from boiler and power. Had to re wire from inside the boiler. If you want a easy life and don‚Äôt mind paying, use British gas, they will charge about ¬£150, got mine done for ¬£50\n', '\n  \n']",['Reviewed in the United Kingdom on 23 December 2019'],[],['5.0 out of 5 stars'],"['\n\n\n\n\n\n\n\n  \n  \n    ', 'Not easy to install', '\n  \n']"
4,[],"['\n\n\n\n\n\n\n\n\n\n  \n  \n    ', '\n  This was installed by my plumber, really convenient as I can control it remotely. Since had to contact customer support as was logged off the account, but all was super helpful. Cannot imagine not having this! Recommend\n', '\n  \n']",['Reviewed in the United Kingdom on 23 October 2021'],[],['5.0 out of 5 stars'],"['\n\n\n\n\n\n\n\n  \n  \n    ', 'Works well and good customer support', '\n  \n']"
5,[],"['\n\n\n\n\n\n\n\n\n\n  \n  \n    ', '\n  This replaced a wireless thermostat which has been installed for 12 years. Installing the Hive was not complicated but needs very careful approach and not fir an amateur electrician. The effect of the Hive has dramatically improved the comforts as far as temperature is concerned. The ability to control the heating remotely from the phone is a real bonus.\n', '\n  \n']",['Reviewed in the United Kingdom on 20 February 2019'],[],['5.0 out of 5 stars'],"['\n\n\n\n\n\n\n\n  \n  \n    ', 'Comfort and Control', '\n  \n']"
6,[],"['\n\n\n\n\n\n\n\n\n\n  \n  \n    ', ""\n  The installation instructions are easy to follow. With a step by step guide as what to do next, which takes you through the fitting of the receiver which replaces the boiler controller (timer/programmer). Would recommend to any able DIY'er. (Have been unable to get my Alexa Echo Dot to connect yet).\n"", '\n  \n']",['Reviewed in the United Kingdom on 1 February 2020'],[],['5.0 out of 5 stars'],"['\n\n\n\n\n\n\n\n  \n  \n    ', 'Easy to install, works like magic!', '\n  \n']"
7,[],"['\n\n\n\n\n\n\n\n\n\n  \n  \n    ', ""\n  I bought this as a self installation package.  It was very easy to install, took me about 30 minutes and most of that time was taken by guding a length of cable along the hidden space above the kitchen cabinets.  Everything connected first time.  Making a schedule on my PC or on the phone app is incredibly easy to do.  I'm very impressed with it so far, I even get alerts when I leave the house telling me what the heating is set at.  It's also easy to control using Alexa."", 'Fantastic piece of kit.\n', '\n  \n']",['Reviewed in the United Kingdom on 28 January 2019'],[],['5.0 out of 5 stars'],"['\n\n\n\n\n\n\n\n  \n  \n    ', 'Easy to install, easy to use', '\n  \n']"
8,[],"['\n\n\n\n\n\n\n\n\n\n  \n  \n    ', '\n  As a professional heating engineer I like the Hive best out of all the Smart thermostats. Customers also like them. Good instructions available online, however, the instructions which come with the unit is very basic and poor\n', '\n  \n']",['Reviewed in the United Kingdom on 12 December 2020'],['One person found this helpful'],['5.0 out of 5 stars'],"['\n\n\n\n\n\n\n\n  \n  \n    ', 'The best smart room thermostat', '\n  \n']"
9,[],"['\n\n\n\n\n\n\n\n\n\n  \n  \n    ', '\n  Thermostat is good, don‚Äôt get installation though, stood up twice without a phone call. Did it myself then, turns out it was pretty simple.\n', '\n  \n']",['Reviewed in the United Kingdom on 22 November 2021'],[],['1.0 out of 5 stars'],"['\n\n\n\n\n\n\n\n  \n  \n    ', 'Good product but let down by installation', '\n  \n']"
0,[],"['\n\n\n\n\n\n\n\n\n\n  \n  \n    ', '\n  I love the flexibility this gives me, I can lay in bed and switch the heating on before I get up or switch it on as I leave work so the house is warm when I get home. It was easy to install, just had to google which wire went where, fortunately got it right first time (it‚Äôs different depending on boiler you have). Been using 3 months now and so far so good!\n', '\n  \n']",['Reviewed in the United Kingdom on 25 April 2018'],[],['5.0 out of 5 stars'],"['\n\n\n\n\n\n\n\n  \n  \n    ', 'Easy to install - even a girl can do it (I did)', '\n  \n']"
1,[],"['\n\n\n\n\n\n\n\n\n\n  \n  \n    ', '\n  Brilliant piece of kit. Not had any issues with it. Just don‚Äôt order thru British Gas, what a nightmare!', 'I actually fitted this myself, it was really easy.', 'I can access it thru my iPhone my Apple Watch and Alexa. Perfect for someone who works outdoors and wants to come to warmth lol\n', '\n  \n']",['Reviewed in the United Kingdom on 13 May 2021'],[],['5.0 out of 5 stars'],"['\n\n\n\n\n\n\n\n  \n  \n    ', 'I love it!!!!', '\n  \n']"
2,[],"['\n\n\n\n\n\n\n\n\n\n  \n  \n    ', '\n  We had to upgrade as our old thermostat kept flipping to 14 degrees when we needed it around 20 in the winter. Now it can be done using our phones or the cool little thermostat on the wall. Looks really smart and was really easy to set up on our own.\n', '\n  \n']",['Reviewed in the United Kingdom on 30 July 2019'],[],['5.0 out of 5 stars'],"['\n\n\n\n\n\n\n\n  \n  \n    ', 'Works great and looks smart', '\n  \n']"
3,[],"['\n\n\n\n\n\n\n\n\n\n  \n  \n    ', '\n  This item is secondary hand. Came with a dirty Samsung charger and the hub looks like it has food smeared on it. Its scratched and the edging where the logo is has black dirt stuck in it. I feel like vomiting. Even better there is no contact seller option I can see only the automated return which does not have an option for this issue. Not happy at all and still pretty angry. Sort this disgrace out I want what I paid for!\n', '\n  \n']",['Reviewed in the United Kingdom on 17 February 2021'],[],['1.0 out of 5 stars'],"['\n\n\n\n\n\n\n\n  \n  \n    ', 'Disgraceful second hand item.', '\n  \n']"
4,[],"['\n\n\n\n\n\n\n\n\n\n  \n  \n    ', '\n  Super frustrating doesn‚Äôt work at all. Want to throw it out the window\n', '\n  \n']",['Reviewed in the United Kingdom on 4 October 2021'],[],['1.0 out of 5 stars'],"['\n\n\n\n\n\n\n\n  \n  \n    ', 'Awful', '\n  \n']"
5,[],"['\n\n\n\n\n\n\n\n\n\n  \n  \n    ', '\n  This product was sold from Amazon warehousing. I was unable to set it up as the previous user details were connected to the router. I informed Amazon who quickly issued a refund. I have since bought a new Hive from Amazon. The product installed without problems\n', '\n  \n']",['Reviewed in the United Kingdom on 14 January 2019'],[],['1.0 out of 5 stars'],"['\n\n\n\n\n\n\n\n  \n  \n    ', 'Hive active  heating system', '\n  \n']"
6,[],"['\n\n\n\n\n\n\n\n\n\n  \n  \n    ', ""\n  Would need a battery thermometer that they don't offer to place where I cent the temperature regulated separate from the controller."", 'Currently does not work very well.\n', '\n  \n']",['Reviewed in the United Kingdom on 22 December 2021'],[],['2.0 out of 5 stars'],"['\n\n\n\n\n\n\n\n  \n  \n    ', 'Thermometer does not work well, no separate thermometer', '\n  \n']"
7,[],"['\n\n\n\n\n\n\n\n\n\n  \n  \n    ', ""\n  Doesn't work in our house as apparently the signal is weak. Normal detached house with standard walls. Poor service as they're now saying I need to spend another ¬£30 on a booster.\n"", '\n  \n']",['Reviewed in the United Kingdom on 24 January 2017'],['8 people found this helpful'],['1.0 out of 5 stars'],"['\n\n\n\n\n\n\n\n  \n  \n    ', 'Go for a different brand', '\n  \n']"
8,[],"['\n\n\n\n\n\n\n\n\n\n  \n  \n    ', '\n  If you are going to install it yourself, you have to be competent with the electrical side without any doubt. The rest of the installation to the router and app is very straightforward. It is very easy to use and very flexible and convenient when home and away.\n', '\n  \n']",['Reviewed in the United Kingdom on 10 January 2019'],[],['5.0 out of 5 stars'],"['\n\n\n\n\n\n\n\n  \n  \n    ', 'It works so well and is intuitive!', '\n  \n']"
9,[],"['\n\n\n\n\n\n\n\n\n\n  \n  \n    ', '\n  Make sure you get the right version. 1 channel is for combi boiler.', 'Happy with purchase and works well bought think having the app makes me use the heating more often\n', '\n  \n']",['Reviewed in the United Kingdom on 17 April 2020'],[],['4.0 out of 5 stars'],"['\n\n\n\n\n\n\n\n  \n  \n    ', 'Decent quality', '\n  \n']"
0,[],"['\n\n\n\n\n\n\n\n\n\n  \n  \n    ', '\n  After some faffing about trying to wire this from previous receiver, managed to get there in the end, from package to working, about 2hrs however I‚Äôm not an electrician and just followed what others had done online. Seems to be working very well even though Alexa doesn‚Äôt recognise it still (yes, i have accessed the skill). It‚Äôs great that you can schedule it day on day and geofenced it so when I leave the house it goes off and doesn‚Äôt come back on until I return home which should cut costs down hopefully, all in all, very pleased!\n', '\n  \n']",['Reviewed in the United Kingdom on 27 January 2019'],[],['5.0 out of 5 stars'],"['\n\n\n\n\n\n\n\n  \n  \n    ', 'Hive heating self install', '\n  \n']"
1,[],"['\n\n\n\n\n\n\n\n\n\n  \n  \n    ', '\n  purchased with amazon deal. very good price. works as expected\n', '\n  \n']",['Reviewed in the United Kingdom on 5 July 2021'],[],['5.0 out of 5 stars'],"['\n\n\n\n\n\n\n\n  \n  \n    ', 'excellent service and price', '\n  \n']"
2,[],"['\n\n\n\n\n\n\n\n\n\n  \n  \n    ', '\n  Wireless / WiFi operated central heating thermostat, brilliant so far & no complaints at moment.\n', '\n  \n']",['Reviewed in the United Kingdom on 16 December 2019'],['One person found this helpful'],['5.0 out of 5 stars'],"['\n\n\n\n\n\n\n\n  \n  \n    ', 'Heating at touch of a button', '\n  \n']"
3,[],"['\n\n\n\n\n\n\n\n\n\n  \n  \n    ', ""\n  I had an absolute mare installing this and I'm still not sure why, I eventually found a video on YouTube where the guy had my boiler, my wiring was very random. Overall I love it and love the monthly eamils you get giving data analysis and comparison.\n"", '\n  \n']",['Reviewed in the United Kingdom on 7 August 2019'],['One person found this helpful'],['5.0 out of 5 stars'],"['\n\n\n\n\n\n\n\n  \n  \n    ', 'Fantastic', '\n  \n']"
4,[],"['\n\n\n\n\n\n\n\n\n\n  \n  \n    ', ""\n  The item itself is well known. Fitted easily as was replacing an older less flexible controller. Excellent price. Didn't need technical support so haven't rated that aspect.\n"", '\n  \n']",['Reviewed in the United Kingdom on 4 November 2019'],[],['5.0 out of 5 stars'],"['\n\n\n\n\n\n\n\n  \n  \n    ', 'Excellent price.', '\n  \n']"
5,[],"['\n\n\n\n\n\n\n\n\n\n  \n  \n    ', '\n  Hive thermostat dail does not work at all , can only use the phone app turn heating on and off and up and down\n', '\n  \n']",['Reviewed in the United Kingdom on 30 September 2020'],[],['1.0 out of 5 stars'],"['\n\n\n\n\n\n\n\n  \n  \n    ', ""dail didn't work on the thermostat"", '\n  \n']"
6,[],"['\n\n\n\n\n\n\n\n\n\n  \n  \n    ', '\n  Was not easy to set up, but figured it out after a day of messing it up. Works perfectly now and I love being able to control the temp from my phone. Really easy to set and adjust the schedule based on the ever changing weather!\n', '\n  \n']",['Reviewed in the United Kingdom on 16 April 2019'],[],['5.0 out of 5 stars'],"['\n\n\n\n\n\n\n\n  \n  \n    ', 'Once I figured it out it was simple and then awesome', '\n  \n']"
7,[],"['\n\n\n\n\n\n\n\n\n\n  \n  \n    ', '\n  So easy to use once connected make sure you have a free Ethernet cable to put into your sky q box it only has 2 other then that no issues so far\n', '\n  \n']",['Reviewed in the United Kingdom on 14 February 2021'],[],['5.0 out of 5 stars'],"['\n\n\n\n\n\n\n\n  \n  \n    ', 'Easy installation', '\n  \n']"
8,[],"['\n\n\n\n\n\n\n\n\n\n  \n  \n    ', '\n  Easy set up and receiver fitted onto existing timeclock back plate... Seems to work fine and Alexa integration a plus. Remote access via the app tested and works fine..\n', '\n  \n']",['Reviewed in the United Kingdom on 1 January 2020'],[],['4.0 out of 5 stars'],"['\n\n\n\n\n\n\n\n  \n  \n    ', 'Works well', '\n  \n']"
9,[],"['\n\n\n\n\n\n\n\n\n\n  \n  \n    ', '\n  Works well, looks better than most thermostats too. Only four stars because I was expecting it to be movable around the flat - it is, but only by removing the back plate so you have to be a bit careful with the batteries. I believe they sell you a separate stand but at this price I would hope that was included. Bloke who installed it was a 10/10 as well.\n', '\n  \n']",['Reviewed in the United Kingdom on 20 January 2019'],[],['4.0 out of 5 stars'],"['\n\n\n\n\n\n\n\n  \n  \n    ', 'Very solid option', '\n  \n']"
0,[],"['\n\n\n\n\n\n\n\n\n\n  \n  \n    ', '\n  To customise the use of my heating and save money.', 'Good points:', 'Control from anywhere.', 'Adjust by half degrees.', 'Boost heating for a set time limit.', 'Bad points:', 'Not enough schedule slots.', 'Better scheduling on the boiler.', 'Too expensive for what it is\n', '\n  \n']",['Reviewed in the United Kingdom on 29 December 2019'],[],['2.0 out of 5 stars'],"['\n\n\n\n\n\n\n\n  \n  \n    ', 'Thought it was good until I bought it', '\n  \n']"
1,[],"['\n\n\n\n\n\n\n\n\n\n  \n  \n    ', '\n  Easy to install (we had no COM wire, but just link to LIVE).  Works great for the app, and integrated into Alexa.  Thermometer is much more accurate than our old remote thermostat.  Bargain black Friday deal!\n', '\n  \n']",['Reviewed in the United Kingdom on 24 December 2018'],[],['5.0 out of 5 stars'],"['\n\n\n\n\n\n\n\n  \n  \n    ', 'Easy to install', '\n  \n']"
2,[],"['\n\n\n\n\n\n\n\n\n\n  \n  \n    ', '\n  Purchased as an upgrade of original hive.  Needed to contact British Gas/Hive as hub would not connect.  Customer services were outstanding, were exceptionally patient as it was taking a long time and the whole system was up and running by the end of the call.  Top class. (Problem turned out to be a firewall on our broadband!) üëç\n', '\n  \n']",['Reviewed in the United Kingdom on 3 January 2020'],[],['5.0 out of 5 stars'],"['\n\n\n\n\n\n\n\n  \n  \n    ', 'Great product and customer services at a very good price.', '\n  \n']"
3,[],"['\n\n\n\n\n\n\n\n\n\n  \n  \n    ', '\n  Amazing. Got a mate to fit it for me. Once installed it‚Äôs easy and reacts quick to controls. Can control through the app which is really useful\n', '\n  \n']",['Reviewed in the United Kingdom on 25 January 2020'],[],['5.0 out of 5 stars'],"['\n\n\n\n\n\n\n\n  \n  \n    ', 'Heating at the push of a button', '\n  \n']"
4,[],"['\n\n\n\n\n\n\n\n\n\n  \n  \n    ', '\n  Did not work, though easy to install. Tech support hung up on me twice when they could not resolve the issue and tried to say it was the boiler which worked perfectly fine until we fitted Hive and lo worked perfectly after when we took it off.\n', '\n  \n']",['Reviewed in the United Kingdom on 4 December 2020'],[],['1.0 out of 5 stars'],"['\n\n\n\n\n\n\n\n  \n  \n    ', 'Rubbish tech support', '\n  \n']"
5,[],"['\n\n\n\n\n\n\n\n\n\n  \n  \n    ', '\n  Installation by my electrician went fine. Alexa integration took a while to work out as you have to say ""Alexa, ask Hive..."". Some instructions didn\'t include the ask Hive bit.\n', '\n  \n']",['Reviewed in the United Kingdom on 19 October 2020'],[],['5.0 out of 5 stars'],"['\n\n\n\n\n\n\n\n  \n  \n    ', 'Great little device to control heating from your phone', '\n  \n']"
6,[],"['\n\n\n\n\n\n\n\n\n\n  \n  \n    ', '\n  Still can‚Äôt get it to work\n', '\n  \n']",['Reviewed in the United Kingdom on 11 May 2021'],[],['5.0 out of 5 stars'],"['\n\n\n\n\n\n\n\n  \n  \n    ', 'Heating', '\n  \n']"
7,[],"['\n\n\n\n\n\n\n\n\n\n  \n  \n    ', '\n  Although I did have a little trouble with the thermostat pairing with the hub, the rest of the install was easy.', 'I was looking for a new controller for our heating, and the usual ones didn‚Äôt have the internet capability or look quite a nice!', 'This was fitted to a viessmann boiler that had its own controller (limited use and horrid) built in. However with the boiler instructions the hive system was easy to replace the existing controller..\n', '\n  \n']",['Reviewed in the United Kingdom on 3 January 2019'],[],['5.0 out of 5 stars'],"['\n\n\n\n\n\n\n\n  \n  \n    ', 'Great control of your heating system', '\n  \n']"
8,[],"['\n\n\n\n\n\n\n\n\n\n  \n  \n    ', '\n  referred to hive for product support who refer you back to amazon who refer you back to hive product support etc etc etc', 'dont use the hive chatbot ...if you dont reply within 30 seconds they cut you off....................\n', '\n  \n']",['Reviewed in the United Kingdom on 6 October 2021'],[],['1.0 out of 5 stars'],"['\n\n\n\n\n\n\n\n  \n  \n    ', 'dont ask for product support from hive, it doesnt exist', '\n  \n']"
9,[],"['\n\n\n\n\n\n\n\n\n\n  \n  \n    ', '\n  had to watch the odd video on YouTube, and read up online, and still manged to trip out the fuse, but once fitted correctly  it worked with no issues\n', '\n  \n']",['Reviewed in the United Kingdom on 4 July 2019'],[],['5.0 out of 5 stars'],"['\n\n\n\n\n\n\n\n  \n  \n    ', 'easy to install ?', '\n  \n']"
0,[],"['\n\n\n\n\n\n\n\n\n\n  \n  \n    ', '\n  Easy to fit, works as expected easy set up.\n', '\n  \n']",['Reviewed in the United Kingdom on 5 August 2019'],[],['5.0 out of 5 stars'],"['\n\n\n\n\n\n\n\n  \n  \n    ', 'Great for controlling your heating or switching it off whilst out.', '\n  \n']"
1,[],"['\n\n\n\n\n\n\n\n\n\n  \n  \n    ', '\n  I love this product. I travel a lot and it has helped me manage temperature and cost of heating\n', '\n  \n']",['Reviewed in the United Kingdom on 3 May 2019'],['One person found this helpful'],['5.0 out of 5 stars'],"['\n\n\n\n\n\n\n\n  \n  \n    ', 'I should have bought it much sooner', '\n  \n']"
2,[],"['\n\n\n\n\n\n\n\n\n\n  \n  \n    ', '\n  Ease of fitting and even easier to control.\n', '\n  \n']",['Reviewed in the United Kingdom on 18 July 2019'],[],['5.0 out of 5 stars'],"['\n\n\n\n\n\n\n\n  \n  \n    ', 'Heating control system', '\n  \n']"
3,[],"['\n\n\n\n\n\n\n\n\n\n  \n  \n    ', '\n  Fantastic product. Been thinking about one of these for a while and I‚Äôm so glad I bought one.\n', '\n  \n']",['Reviewed in the United Kingdom on 29 November 2018'],[],['5.0 out of 5 stars'],"['\n\n\n\n\n\n\n\n  \n  \n    ', 'Brilliant.', '\n  \n']"
4,[],"['\n\n\n\n\n\n\n\n\n\n  \n  \n    ', '\n  Love this product easy to use and the mobile app is great. Unless you are an expert you will need a plumber and electrician to install it. But the setup on wi fi was very easy. Definitely recommend\n', '\n  \n']",['Reviewed in the United Kingdom on 16 January 2019'],[],['5.0 out of 5 stars'],"['\n\n\n\n\n\n\n\n  \n  \n    ', 'Great product very happy', '\n  \n']"
5,[],"['\n\n\n\n\n\n\n\n\n\n  \n  \n    ', '\n  The mirror effect of thermostat,it bless into any room with style. Not happy with the price of color trim.\n', '\n  \n']",['Reviewed in the United Kingdom on 26 June 2018'],[],['5.0 out of 5 stars'],"['\n\n\n\n\n\n\n\n  \n  \n    ', 'Brilliant controlling your heating by phone.', '\n  \n']"
6,[],"['\n\n\n\n\n\n\n\n\n\n  \n  \n    ', '\n  Brilliant product and easy to install by following the guide and online tutorial.\n', '\n  \n']",['Reviewed in the United Kingdom on 29 November 2018'],[],['5.0 out of 5 stars'],"['\n\n\n\n\n\n\n\n  \n  \n    ', 'Brilliant product', '\n  \n']"
7,[],"['\n\n\n\n\n\n\n\n\n\n  \n  \n    ', '\n  Fitting to about half an hour. Works really well with Alexa and the hive app.\n', '\n  \n']",['Reviewed in the United Kingdom on 2 January 2019'],[],['5.0 out of 5 stars'],"['\n\n\n\n\n\n\n\n  \n  \n    ', 'Great', '\n  \n']"
8,[],"['\n\n\n\n\n\n\n\n\n\n  \n  \n    ', '\n  Excellent product and has saved me money on my heating.\n', '\n  \n']",['Reviewed in the United Kingdom on 23 February 2020'],[],['5.0 out of 5 stars'],"['\n\n\n\n\n\n\n\n  \n  \n    ', 'Excellent product', '\n  \n']"
9,[],"['\n\n\n\n\n\n\n\n\n\n  \n  \n    ', '\n  its doing a fine job.\n', '\n  \n']",['Reviewed in the United Kingdom on 5 November 2019'],[],['5.0 out of 5 stars'],"['\n\n\n\n\n\n\n\n  \n  \n    ', 'works well', '\n  \n']"
0,[],"['\n\n\n\n\n\n\n\n\n\n  \n  \n    ', '\n  Brilliant for our second home, turn on the heating the day before, nice and cozy when we get there.installed myself, so easy.\n', '\n  \n']",['Reviewed in the United Kingdom on 18 February 2018'],[],['5.0 out of 5 stars'],"['\n\n\n\n\n\n\n\n  \n  \n    ', 'Brilliant', '\n  \n']"
1,[],"['\n\n\n\n\n\n\n\n\n\n  \n  \n    ', '\n  Being able to turn on your heating as and when or wherever you are is a great\n', '\n  \n']",['Reviewed in the United Kingdom on 13 March 2020'],[],['5.0 out of 5 stars'],"['\n\n\n\n\n\n\n\n  \n  \n    ', 'Heating on the move', '\n  \n']"
2,[],"['\n\n\n\n\n\n\n\n\n\n  \n  \n    ', '\n  So far-so good  works mint no issues so far\n', '\n  \n']",['Reviewed in the United Kingdom on 28 January 2020'],[],['5.0 out of 5 stars'],"['\n\n\n\n\n\n\n\n  \n  \n    ', 'So far so good', '\n  \n']"
3,[],"['\n\n\n\n\n\n\n\n\n\n  \n  \n    ', '\n  Great item easy to install on worcester boiler and easy to controll via phone app,', 'Every house needs one of those, it will save you some money\n', '\n  \n']",['Reviewed in the United Kingdom on 7 December 2018'],[],['5.0 out of 5 stars'],"['\n\n\n\n\n\n\n\n  \n  \n    ', 'Great item', '\n  \n']"
4,[],"['\n\n\n\n\n\n\n\n\n\n  \n  \n    ', '\n  Relatively easy to set up & install yourself ... works great. I installed it in our caravan so that I can turn heating on/off for people staying. Great product - already saved us cost in gas\n', '\n  \n']",['Reviewed in the United Kingdom on 24 January 2020'],[],['5.0 out of 5 stars'],"['\n\n\n\n\n\n\n\n  \n  \n    ', 'Great for home or mobile site', '\n  \n']"
5,[],"['\n\n\n\n\n\n\n\n\n\n  \n  \n    ', '\n  Does what its supposed to, looks good. Mate has a Nest and says the whole learning aspect doesnt work anyway so imho this does the rest for a cheaper price.\n', '\n  \n']",['Reviewed in the United Kingdom on 7 January 2018'],[],['5.0 out of 5 stars'],"['\n\n\n\n\n\n\n\n  \n  \n    ', 'No frills', '\n  \n']"
6,[],"['\n\n\n\n\n\n\n\n\n\n  \n  \n    ', '\n  It took 13 months but it‚Äôs broken. Would avoid. The hub has ceased to operate so I cannot use the thermostat or any of the devices connected to it.\n', '\n  \n']",['Reviewed in the United Kingdom on 21 August 2020'],[],['1.0 out of 5 stars'],"['\n\n\n\n\n\n\n\n  \n  \n    ', 'Broken @ 13 months', '\n  \n']"
7,[],"['\n\n\n\n\n\n\n\n\n\n  \n  \n    ', '\n  Looks great, fitted into an existing wireless-thermostat system, works reliably and really helps automate everything.\n', '\n  \n']",['Reviewed in the United Kingdom on 31 December 2019'],[],['5.0 out of 5 stars'],"['\n\n\n\n\n\n\n\n  \n  \n    ', 'Looks great - just works.', '\n  \n']"
8,[],"['\n\n\n\n\n\n\n\n\n\n  \n  \n    ', '\n  I was sent one that someone else had already registered, called hive and they helped me. Bought a new one from somewhere else. Complete waste of time.....\n', '\n  \n']",['Reviewed in the United Kingdom on 2 March 2021'],[],['1.0 out of 5 stars'],"['\n\n\n\n\n\n\n\n  \n  \n    ', 'Check it‚Äôs a new one!', '\n  \n']"
9,[],"['\n\n\n\n\n\n\n\n\n\n  \n  \n    ', '\n  There no dislike...its works brilliant\n', '\n  \n']",['Reviewed in the United Kingdom on 1 February 2021'],[],['5.0 out of 5 stars'],"['\n\n\n\n\n\n\n\n  \n  \n    ', 'Fantastic', '\n  \n']"
0,[],"['\n\n\n\n\n\n\n\n\n\n  \n  \n    ', '\n  Brilliant, easy to fit and use. App is a bonus. Make sure you get the right model Hot water means ""Hot water Tank"". For combi boiler get the single channel version\n', '\n  \n']",['Reviewed in the United Kingdom on 24 December 2015'],[],['5.0 out of 5 stars'],"['\n\n\n\n\n\n\n\n  \n  \n    ', 'Great design and easy to use', '\n  \n']"
1,[],"['\n\n\n\n\n\n\n\n\n\n  \n  \n    ', '\n  to run heating its a dream.Simple to install. Easy to set up. Foolproof!!!!\n', '\n  \n']",['Reviewed in the United Kingdom on 29 November 2018'],[],['5.0 out of 5 stars'],"['\n\n\n\n\n\n\n\n  \n  \n    ', 'magic save money', '\n  \n']"
2,[],"['\n\n\n\n\n\n\n\n\n\n  \n  \n    ', '\n  It is very handy for your home, reliable,value for money. Easy to install.\n', '\n  \n']",['Reviewed in the United Kingdom on 15 June 2020'],[],['5.0 out of 5 stars'],"['\n\n\n\n\n\n\n\n  \n  \n    ', 'Handy Product', '\n  \n']"
3,[],"['\n\n\n\n\n\n\n\n\n\n  \n  \n    ', '\n  had it fitted yesterday. very good\n', '\n  \n']",['Reviewed in the United Kingdom on 2 December 2017'],['One person found this helpful'],['5.0 out of 5 stars'],"['\n\n\n\n\n\n\n\n  \n  \n    ', 'Five Stars', '\n  \n']"
4,[],"['\n\n\n\n\n\n\n\n\n\n  \n  \n    ', '\n  Excellent product, easy to install, clear instructions\n', '\n  \n']",['Reviewed in the United Kingdom on 20 May 2018'],[],['5.0 out of 5 stars'],"['\n\n\n\n\n\n\n\n  \n  \n    ', 'Five Stars', '\n  \n']"
5,[],"['\n\n\n\n\n\n\n\n\n\n  \n  \n    ', ""\n  Absolutely  brilliant. ..makes my life so much easier when away from home days on end..when I'm homeward bound just open the app heating on..and I come back to  a tostie  warm house...I would  definitely  recommend this product. ..whish I hot it a couple of yrs back. ...\n"", '\n  \n']",['Reviewed in the United Kingdom on 28 December 2015'],[],['5.0 out of 5 stars'],"['\n\n\n\n\n\n\n\n  \n  \n    ', 'Simply spot on', '\n  \n']"
6,[],"['\n\n\n\n\n\n\n\n\n\n  \n  \n    ', '\n  Brilliant bit of Kit for your Boiler would not use anything else\n', '\n  \n']",['Reviewed in the United Kingdom on 18 February 2018'],['One person found this helpful'],['5.0 out of 5 stars'],"['\n\n\n\n\n\n\n\n  \n  \n    ', 'Dont Leave Home without a Hive', '\n  \n']"
7,[],"['\n\n\n\n\n\n\n\n\n\n  \n  \n    ', '\n  Simple to fit, if you are competent with mains wiring and confident with boiler thermostat/timer wiring then no need to pay for installation.\n', '\n  \n']",['Reviewed in the United Kingdom on 21 December 2015'],['One person found this helpful'],['5.0 out of 5 stars'],"['\n\n\n\n\n\n\n\n  \n  \n    ', 'Simple to fit, if you are competent with mains ...', '\n  \n']"
8,[],"['\n\n\n\n\n\n\n\n\n\n  \n  \n    ', '\n  Fab item once installed\n', '\n  \n']",['Reviewed in the United Kingdom on 6 February 2019'],[],['5.0 out of 5 stars'],"['\n\n\n\n\n\n\n\n  \n  \n    ', 'Great', '\n  \n']"
9,[],"['\n\n\n\n\n\n\n\n\n\n  \n  \n    ', '\n  Great, got it during a good sale, works perfect\n', '\n  \n']",['Reviewed in the United Kingdom on 1 November 2018'],[],['5.0 out of 5 stars'],"['\n\n\n\n\n\n\n\n  \n  \n    ', 'Great', '\n  \n']"
0,[],"['\n\n\n\n\n\n\n\n\n\n  \n  \n    ', '\n  Ease of use after but a bit fiddly to connect\n', '\n  \n']",['Reviewed in the United Kingdom on 8 February 2021'],[],['5.0 out of 5 stars'],"['\n\n\n\n\n\n\n\n  \n  \n    ', 'Very flexible', '\n  \n']"
1,[],"['\n\n\n\n\n\n\n\n\n\n  \n  \n    ', '\n  Perfect.\n', '\n  \n']",['Reviewed in the United Kingdom on 21 October 2018'],[],['5.0 out of 5 stars'],"['\n\n\n\n\n\n\n\n  \n  \n    ', 'Perfect.', '\n  \n']"
2,[],"['\n\n\n\n\n\n\n\n\n\n  \n  \n    ', '\n  just love it :-)\n', '\n  \n']",['Reviewed in the United Kingdom on 17 May 2018'],[],['5.0 out of 5 stars'],"['\n\n\n\n\n\n\n\n  \n  \n    ', 'Five Stars', '\n  \n']"
3,[],"['\n\n\n\n\n\n\n\n\n\n  \n  \n    ', '\n  Easy to install and setup. Heating is now on a daily schedule so I never have to adjust it, just goes on and off as temp is reached.\n', '\n  \n']",['Reviewed in the United Kingdom on 1 January 2020'],[],['5.0 out of 5 stars'],"['\n\n\n\n\n\n\n\n  \n  \n    ', 'Good bit of kit', '\n  \n']"
4,[],"['\n\n\n\n\n\n\n\n\n\n  \n  \n    ', '\n  The Hive 2 is brilliant, I bought it when it went cheap without the installation so saved myself a considerable amount of money, easy installation if your happy to connect a few wires, instruction is I now use the app to turn my heating on and off its great, friends at work love it\n', '\n  \n']",['Reviewed in the United Kingdom on 16 December 2016'],[],['5.0 out of 5 stars'],"['\n\n\n\n\n\n\n\n  \n  \n    ', 'The Hive 2 is brilliant, I bought it when it went cheap without ...', '\n  \n']"
5,[],"['\n\n\n\n\n\n\n\n\n\n  \n  \n    ', '\n  Excellent response and unit\n', '\n  \n']",['Reviewed in the United Kingdom on 19 February 2020'],[],['5.0 out of 5 stars'],"['\n\n\n\n\n\n\n\n  \n  \n    ', 'Easy installation', '\n  \n']"
6,[],"['\n\n\n\n\n\n\n\n\n\n  \n  \n    ', '\n  Fairly easy to set up apart from the dodgy wiring diagram,  bit of research soon sorted\n', '\n  \n']",['Reviewed in the United Kingdom on 26 December 2018'],[],['5.0 out of 5 stars'],"['\n\n\n\n\n\n\n\n  \n  \n    ', 'Wiring', '\n  \n']"
7,[],"['\n\n\n\n\n\n\n\n\n\n  \n  \n    ', '\n  I like this because I can control the temperature from anywhere\n', '\n  \n']",['Reviewed in the United Kingdom on 8 February 2021'],[],['5.0 out of 5 stars'],"['\n\n\n\n\n\n\n\n  \n  \n    ', 'Yes', '\n  \n']"
8,[],"['\n\n\n\n\n\n\n\n\n\n  \n  \n    ', '\n  Well apart from the wire change up on terminals very simple and easy to install and set up very happy with the overall results\n', '\n  \n']",['Reviewed in the United Kingdom on 14 April 2019'],[],['5.0 out of 5 stars'],"['\n\n\n\n\n\n\n\n  \n  \n    ', 'Very impressed', '\n  \n']"
9,[],"['\n\n\n\n\n\n\n\n\n\n  \n  \n    ', '\n  Don‚Äôt know how I‚Äôve lived without this for so long\n', '\n  \n']",['Reviewed in the United Kingdom on 1 January 2020'],[],['5.0 out of 5 stars'],"['\n\n\n\n\n\n\n\n  \n  \n    ', 'Love it', '\n  \n']"
0,[],"['\n\n\n\n\n\n\n\n\n\n  \n  \n    ', '\n  Great bit of kit\n', '\n  \n']",['Reviewed in the United Kingdom on 28 April 2018'],[],['5.0 out of 5 stars'],"['\n\n\n\n\n\n\n\n  \n  \n    ', 'Hive stat', '\n  \n']"
1,[],"['\n\n\n\n\n\n\n\n\n\n  \n  \n    ', '\n  great product!\n', '\n  \n']",['Reviewed in the United Kingdom on 9 April 2021'],[],['5.0 out of 5 stars'],"['\n\n\n\n\n\n\n\n  \n  \n    ', 'Great and easy to use', '\n  \n']"
2,[],"['\n\n\n\n\n\n\n\n\n\n  \n  \n    ', '\n  Simple to install.  Just watch a few YouTube videos.  Once the hub and various components are linked up it‚Äôs easy to use.  Looks cool. Nothing to dislike so far!\n', '\n  \n']",['Reviewed in the United Kingdom on 10 December 2017'],['One person found this helpful'],['5.0 out of 5 stars'],"['\n\n\n\n\n\n\n\n  \n  \n    ', 'Nothing to dislike - so far!', '\n  \n']"
3,[],"['\n\n\n\n\n\n\n\n\n\n  \n  \n    ', '\n  Does what it says works with Alexa and other hive accessories.\n', '\n  \n']",['Reviewed in the United Kingdom on 3 January 2018'],[],['5.0 out of 5 stars'],"['\n\n\n\n\n\n\n\n  \n  \n    ', 'Awesome', '\n  \n']"
4,[],"['\n\n\n\n\n\n\n\n\n\n  \n  \n    ', '\n  Easy to install and set up. Best thing ever\n', '\n  \n']",['Reviewed in the United Kingdom on 14 March 2018'],[],['5.0 out of 5 stars'],"['\n\n\n\n\n\n\n\n  \n  \n    ', 'Five Stars', '\n  \n']"
5,[],"['\n\n\n\n\n\n\n\n\n\n  \n  \n    ', '\n  Yes fitted myself and setup in 2 hours have to say think people must have electrical knowledge to correctly connect to boiler\n', '\n  \n']",['Reviewed in the United Kingdom on 6 January 2019'],[],['5.0 out of 5 stars'],"['\n\n\n\n\n\n\n\n  \n  \n    ', 'Quite easy to connect', '\n  \n']"
6,[],"['\n\n\n\n\n\n\n\n\n\n  \n  \n    ', '\n  Great heating product - easily installed it myself, worked out the box\n', '\n  \n']",['Reviewed in the United Kingdom on 25 September 2017'],['One person found this helpful'],['5.0 out of 5 stars'],"['\n\n\n\n\n\n\n\n  \n  \n    ', 'Great heating management product - easy to install', '\n  \n']"
7,[],"['\n\n\n\n\n\n\n\n\n\n  \n  \n    ', '\n  Happy. üëåüëå\n', '\n  \n']",['Reviewed in the United Kingdom on 22 May 2018'],[],['5.0 out of 5 stars'],"['\n\n\n\n\n\n\n\n  \n  \n    ', 'Easy instructions', '\n  \n']"
8,[],"['\n\n\n\n\n\n\n\n\n\n  \n  \n    ', '\n  Amazing product especially turn heating on when your not at home and walk in to a nice toasty home...\n', '\n  \n']",['Reviewed in the United Kingdom on 11 February 2020'],[],['5.0 out of 5 stars'],"['\n\n\n\n\n\n\n\n  \n  \n    ', 'What a product', '\n  \n']"
9,[],"['\n\n\n\n\n\n\n\n\n\n  \n  \n    ', '\n  excellent product.\n', '\n  \n']",['Reviewed in the United Kingdom on 12 January 2018'],[],['5.0 out of 5 stars'],"['\n\n\n\n\n\n\n\n  \n  \n    ', 'Five Stars', '\n  \n']"
0,[],"['\n\n\n\n\n\n\n\n\n\n  \n  \n    ', '\n  Good product.\n', '\n  \n']",['Reviewed in the United Kingdom on 5 April 2018'],[],['5.0 out of 5 stars'],"['\n\n\n\n\n\n\n\n  \n  \n    ', 'Five Stars', '\n  \n']"
1,[],"['\n\n\n\n\n\n\n\n\n\n  \n  \n    ', '\n  Speedy delivery and excellent telephone support\n', '\n  \n']",['Reviewed in the United Kingdom on 22 February 2018'],[],['5.0 out of 5 stars'],"['\n\n\n\n\n\n\n\n  \n  \n    ', 'Five Stars', '\n  \n']"
2,[],"['\n\n\n\n\n\n\n\n\n\n  \n  \n    ', '\n  Excellent\n', '\n  \n']",['Reviewed in the United Kingdom on 21 February 2018'],[],['5.0 out of 5 stars'],"['\n\n\n\n\n\n\n\n  \n  \n    ', 'Five Stars', '\n  \n']"
3,[],"['\n\n\n\n\n\n\n\n\n\n  \n  \n    ', '\n  Great product\n', '\n  \n']",['Reviewed in the United Kingdom on 25 January 2016'],[],['5.0 out of 5 stars'],"['\n\n\n\n\n\n\n\n  \n  \n    ', 'Five Stars', '\n  \n']"
4,[],"['\n\n\n\n\n\n\n\n\n\n  \n  \n    ', '\n  Great piece of kit, would highly recomend.\n', '\n  \n']",['Reviewed in the United Kingdom on 31 December 2016'],[],['5.0 out of 5 stars'],"['\n\n\n\n\n\n\n\n  \n  \n    ', 'Five Stars', '\n  \n']"
5,[],"['\n\n\n\n\n\n\n\n\n\n  \n  \n    ', '\n  Very good piece of technology\n', '\n  \n']",['Reviewed in the United Kingdom on 28 December 2015'],[],['5.0 out of 5 stars'],"['\n\n\n\n\n\n\n\n  \n  \n    ', 'Five Stars', '\n  \n']"
6,[],"['\n\n\n\n\n\n\n\n\n\n  \n  \n    ', ""\n  A fantastic device and simple enough to install so long as you're competent and careful."", ""I've had mine for about two weeks now and am very happy with my purchase. The Hive 2 ticked all the right boxes - the thermostat looks good and is properly wireless (powered by 4 AA batteries) meaning I have the option to put it _anywhere_ in my house, even where there isn't a power socket nearby; the same cannot be said of Nest which was initially on my wish list. While the Nest can work wirelessly, it's for a few hours at most and needs to be positioned near to a socket. Imagining the location of most people's thermostats, I don't think they would want an extension cable and a USB adapter dangling off the wall - that isn't pretty anywhere."", ""The installation was not without its troubles - I was replacing an existing wireless thermostat wired in to different terminals than a 240v thermostat in my boiler so I don't mind admitting I asked someone for guidance. If I'm honest (and to make myself feel better), the main reason I had to ask for assistance was because the boiler's wiring diagram wasn't crystal clear. Asking for assistance can be a mine field. My boiler front cover is lined with foam and held on by a single 10mm bolt and two steel clips at the bottom (Vaillant 2013 model) - it is not a complex undertaking to remove it and replace it properly but some gas safe engineers insist on telling you only they are capable of removing and replacing something like this safely. Legally they're correct but replacing a 10mm bolt and two steel clips does not require a degree in mechanical engineering - just know what you're doing and if in doubt, speak to a pro. That said, if you are capable but don't have an existing 240v thermostat or the ability to interpret a wiring diagram, get a pro to do it."", ""When you first put batteries in the Thermostat you'll be asked whether you prefer comfort or energy saving, this determines the initial temperatures and schedule but these can be changed easily on the Hive website so don't agonise over the question too much. Once all the hardware is installed, you need to use the little booklet with a scratch off section at the back to get a code to use on the Hive website. This code is entered in to the Hive website at the URL provided in the bookley and then, once registered with your email address, you're on and customising. Get the app for your phone from your respective app store and use the username and password you created when registering on the Hive website to log in to that."", ""Shameless plug - if you're a Windows user and know what PowerShell is, I've abstracted the Hive API to allow control of the Hive (and therefore your heating system) using scripting (which you can schedule on a Windows computer of course). I call the project PoSHive and it's on GitHub. You can set the temperature, boost, switch to manual/auto/off and get properties like current temp.\n"", '\n  \n']",['Reviewed in the United Kingdom on 10 April 2016'],['7 people found this helpful'],['5.0 out of 5 stars'],"['\n\n\n\n\n\n\n\n  \n  \n    ', ""A great solution - don't underestimate installation"", '\n  \n']"
7,[],"['\n\n\n\n\n\n\n\n\n\n  \n  \n    ', ""\n  Having researched all the available smart thermostats I decided to go for this one as it can also control hot water. I'm really pleased with it. It is lovely to look at and does everything I expected. Plus the thermostat is very easy to use and programme whether using a PC, an app on android or directly on the thermostat itself. Although via a PC or the app are the easiest."", ""I decided to go for the self-install version as having looked at my wiring behind my existing programmer, a 22 year old Potterton EP6000 which was capable of separate control for hot water and central heating, it looked very straight forward. I'm pleased I did. Obviously the most important part is to switch off the power first. I checked the wiring with a mains sensitive screwdriver first to be doubly sure. It took me less than 2 hours, working exceptionally slowly and carefully and checking and double checking at each stage. The only part which really wasn't covered in the instructions was what to do with the wiring behind my existing thermostat. I'd already checked what to do there and it was simply a matter of joining the two wires together using a proper connector. I labelled them so that anyone looking in future would know what they were."", ""The Potterton EP6000 does not have a universal 'square' backplate so I had to wire in the one that came with the Hive thermostat but if anyone has  a universal backplate, I think the receiver just clips straight on."", ""If you are in any doubt, go with a professional installation, but if you understand electrics and central heating systems in particular, it's not difficult.\n"", '\n  \n']",['Reviewed in the United Kingdom on 23 October 2015'],['3 people found this helpful'],['5.0 out of 5 stars'],"['\n\n\n\n\n\n\n\n  \n  \n    ', 'Having researched all the available smart thermostats I decided to go for this one as ...', '\n  \n']"
8,[],"['\n\n\n\n\n\n\n\n\n\n  \n  \n    ', ""\n  Just installed this as a Black Friday/Cyber Monday offer.  In the kit as shipped is the electronic thermostat,  a Hive hub and a 'receiver' which controls the boiler.  In my case,  my boiler is a combi and only requires the single channel version.  I bought the self install package,  BUT it may be you need to make changes to your mains wiring so you need a qualified electrician to do this.  In my case,  I was lucky,  in that the existing programmer on my heating system was only a few years old and the programmer backplate was identical to the Hive backplate,  so it was as simple as unplugging the programmer and plugging in the Hive receiver.  The Windows 10 and Android apps are OK, though not as intuitive as I would have liked.  So far so good."", ""The Thermostat operates off four AA batteries,  I have eMailed Hive support to see if the thermostat can be powered from a fixed supply and get rid of the need to change batteries from time to time.  Don't yet know what the battery life will be like.\n"", '\n  \n']",['Reviewed in the United Kingdom on 4 December 2017'],['10 people found this helpful'],['4.0 out of 5 stars'],"['\n\n\n\n\n\n\n\n  \n  \n    ', 'So far, so good.', '\n  \n']"
9,[],"['\n\n\n\n\n\n\n\n\n\n  \n  \n    ', ""\n  I love the Hive system, I'm so glad I got it. I did quite a bit of research up front, also looking at Nest and decided the way that tried to be clever about location etc. was asking for trouble."", ""The Hive smartphone app works really well and is really easy to use and very intuitive, though the way the web interface works for scheduling is a little confusing to start with. Even for the folks that aren't smartphone users, the way you can send a really simple text message is very useful. Also useful if you can't get a good data signal. I'm not mad about having a hub on all the time, but as a wired device (to access the internet, control is of course wireless) it does make it more secure than a normal wifi connection."", ""The device itself looks great - kinda retro in its own way but again very clear about what's going on. I've not tried to program using only that though, I'm sure the online web page or phone apps are simpler for that, but at least yo can if you need to."", ""The only reason I've given it four stars is really down to getting it installed and the information you can get up front, and the overall experience. I'm pretty handy with electrics and wiring, though I don't have a professional qualification. I looked on the Hive un-supported boiler page, and our Worcester Bosch boiler wasn't listed but a lot of models with really similar names/model numbers were (ALL incompatible boilers were Worcester Bosch when I looked). I found some Youtube videos of installation on similar boilers (by Worcester Bosch themselves), but nothing quite the same . In the end I decided to get the install done by British Gas by calling Hive. They were really helpful even though I'd bought a self install version, and arranged fitting for about ¬£80; I told them the boiler model and they assured me that if it wasn't actually on the un-supported list I'd be fine. The lead time for fitting was nearly six weeks though, which I thought was quite a long time."", ""On the day of fitting, I got the usual good service with a courtesy call just before British Gas arrived, but the guy that came took one look at the boiler and told me he couldn't install it due to the gas being needing to interfered with on my model, and he's was just an electrician, and not Gas Safe registered. So when I said the model at booking time, it was ignored. They managed another appointment a week later, but I was pretty annoyed as I'd moved things around to be at home for the fitting and had to do that a second time."", ""So if you get the install yourself kit, be aware. If you can't be completely sure what's involved with your boiler up front (other than checking that one list of incompatible boilers) think twice and get the installation. For such an important (and dangerous) piece of kit in your home, it is worth the money IMHO. And just in case you're wondering, my boiler is a Worcester Bosch combi; a Greenstar 30Si MK IV."", ""Installation apart, I'm really very happy with the operation and the way to works - that bit is five star. It's REALLY great to come back to a warm and toasty home!\n"", '\n  \n']",['Reviewed in the United Kingdom on 12 February 2017'],['3 people found this helpful'],['4.0 out of 5 stars'],"['\n\n\n\n\n\n\n\n  \n  \n    ', 'Stylish, easy to use and very toasty!', '\n  \n']"
0,[],"['\n\n\n\n\n\n\n\n\n\n  \n  \n    ', ""\n  Prior to purchase, it would have been wonderful for there to be a disclaimer about performance around other smart devices like the ring video doorbell. Had to fork out for installation as my existing heating supply hadn't the wiring to support it. I had to spend 30 minutes on the phone with Hive customer services, only for them to tell me, after ¬£250 spent, that their receiver wouldn't work if I had a Ring video doorbell. Utterly ridiculous, and I'm left with a fancy thermostat that does ZERO different to the old hard wired one that it replaced. Expensive and poorly-thought out, if two independent devices operate on the same frequency.\n"", '\n  \n']",['Reviewed in the United Kingdom on 14 February 2019'],[],['1.0 out of 5 stars'],"['\n\n\n\n\n\n\n\n  \n  \n    ', ""Doesn't work if you have a ring video doorbell in the vacinity."", '\n  \n']"
1,[],"['\n\n\n\n\n\n\n\n\n\n  \n  \n    ', '\n  I can‚Äôt believe they still haven‚Äôt updated this and that they‚Äôre still selling this outmoded resource hog. Eats through batteries, so get yourself some rechargeable batteries lest you want to keep paying out. Temperature reading isn‚Äôt very accurate, either. Might have impressed a few years ago, but this is heavy, bulky, dated, feature poor, and generally annoying to use.\n', '\n  \n']",['Reviewed in the United Kingdom on 25 October 2020'],[],['1.0 out of 5 stars'],"['\n\n\n\n\n\n\n\n  \n  \n    ', 'Dumb and dated', '\n  \n']"
2,[],"['\n\n\n\n\n\n\n\n\n\n  \n  \n    ', '\n  Smart as in can be controlled remotely but dumb as a 15 years old thermostat. STILL NO TPI. The old honey well thermostat I had was more advanced than this thermostat. I should have done my research and chose one which functions as a proper thermostat first of all. Please read about overshoot and how this thermostat does not fit for purpose for modern houses with good heat retention. We constantly have either too warm or tok cold in the house instead of constant temperature. Not recommended!\n', '\n  \n']",['Reviewed in the United Kingdom on 25 February 2019'],[],['1.0 out of 5 stars'],"['\n\n\n\n\n\n\n\n  \n  \n    ', 'Not so smart after all. Still No TPI!', '\n  \n']"
3,[],"['\n\n\n\n\n\n\n\n\n\n  \n  \n    ', '\n  I liked the set up and ease of use but its no use if you get to your house and the batteries are flat! We have already gone through 4 sets of batteries in a year!', 'I am getting rid of it because of this.\n', '\n  \n']",['Reviewed in the United Kingdom on 7 April 2021'],[],['2.0 out of 5 stars'],"['\n\n\n\n\n\n\n\n  \n  \n    ', 'Supposed to be Eco by saving you from wasting energy but it Eats batteries!', '\n  \n']"
4,[],"['\n\n\n\n\n\n\n\n\n\n  \n  \n    ', '\n  We installed almost 2 weeks ago by British gas. It was cheaper than here as well ‚ò∫Ô∏è I am so happy with it. Our previous brand was Salus and it never worked. Now I am happy before sleeping it turning off itself and before get up it makes warm our flat üëçüèª Same when I leave home turning off itself before coming home makes warm... saving money saving energy üëçüèª Thanks British Gas üôèüèª\n', '\n  \n']",['Reviewed in the United Kingdom on 4 February 2018'],[],['5.0 out of 5 stars'],"['\n\n\n\n\n\n\n\n  \n  \n    ', 'It was cheaper than here as well ‚ò∫Ô∏è I am so happy with it', '\n  \n']"
5,[],"['\n\n\n\n\n\n\n\n\n\n  \n  \n    ', ""\n  Purchased Hive thermostat in November last year, very easy to setup and install. Looks good on the wall and as of so far I've had no issues with it. Still using the same batteries in thermostat that came in the box. Admittedly I don't use the stat much as I normally use the app to control heating with, that's probably why batteries have lasted so long. The app works really well and again easy to set up heating schedules, also has a holiday mode for when away and phone alerts you when leaving in case you've left heating on also for when travelling home so you can set heating on. The Hive support are very good I use the their Twitter should I have any questions, they get back to you very quickly.  I will give them a five star rating once they become apple HomeKit compatible, which they say is coming. New amendment to review, Hive kit has worked flawlessly for the year now, however it is still not Apple HomeKit enabled, and up on asking Hive if I can sell equipment so I can upgrade to a Homkit compatible device I've now be told as in their T&Cs that you cannot resale on and you can also not take it to another property should you decide to sell up and move on, very annoyed with this as it was not made clear to me during buying of the product.\n"", '\n  \n']",['Reviewed in the United Kingdom on 23 June 2016'],['5 people found this helpful'],['1.0 out of 5 stars'],"['\n\n\n\n\n\n\n\n  \n  \n    ', ""very easy to setup and install, can't take to another home or resale AND IS NOT APPLE HOMEKIT COMPATIBLE"", '\n  \n']"
6,[],"['\n\n\n\n\n\n\n\n\n\n  \n  \n    ', '\n  Do you like not being able to turn your heating on in the winter then not being able to turn it off in the summer.  Well this is the product for you. Constant connection problems. Stick to the old fashioned dependable type. It‚Äôs supposed to make your life easier. It doesn‚Äôt.\n', '\n  \n']",['Reviewed in the United Kingdom on 17 July 2020'],[],['1.0 out of 5 stars'],"['\n\n\n\n\n\n\n\n  \n  \n    ', 'Connection problems. Doesn‚Äôt work if internet goes down.', '\n  \n']"
7,[],"['\n\n\n\n\n\n\n\n\n\n  \n  \n    ', ""\n  I bought this on Amazon Primeday for a great price.  I did a bit of research in order to try and choose between this and the Nest, most review sites will tell you they're both great and that it ultimately comes down to which you prefer looks-wise, we thought the hive would look better in our house and so chose this."", ""Installation was straight forward, I already had a wireless Honeywell thermostat and replacing the receiver (the thing wired to the boiler) was simple a quick internet search told me which wires should go where. Took about 5 minutes to do. The Hub and Themostat were even simpler to get running, and hey presto I had fantastic looking 'smart' thermostat that meant I could now control my heating from any room indeed even when not in the house. I was very happy with it. At this point I hadn't really used it other than to test that it would switch the heating on when I wanted."", ""So, why the 2 star review, why don't I like it?  On it's first geniune use last night, the room temperature was 19 deg, just a little bit chilly so wanted to have the heating give the house a little boost to 20 degrees.  I set the target temperature to 20 on manual mode, the boiler kicked in and the radiators were soon hot.  Really really hot, the house became much warmer and it seemed to take the thermostat an age to recognise this, when the temperature reading of the thermostat reached 20 degrees the boiler turned off as you would expect. The reading of the thermometer then continued to rise above 21 degrees."", ""With my old Honeywell the behaviour was different, to go from 19 to 20 degrees the radiators wouldn't get as hot, it wouldn't drive the boiler flat out until the temperature was reached and then inevitably get this 'overshoot' with the temperature then jumping up to way past what I'd intended."", 'A quick internet search and I find out that this problem was solved years ago with a system called TPI that activates the boiler for shorter periods as the temperature of the thermostat approaches it\'s target.  It avoid overshooting the target temperature and saves energy.  My old thermostat had this 7 years ago.  This ""smart"" thermostat from 2015 doesn\'t and yet now that I know what I\'m looking for I can see that all of Hive\'s major competitors have TPI.  I wish this was pointed out in the supposedly professional review sites, also since I have been searching for a solution to this it became clear that many many other people have complained about this over the past several years and thus far Hive\'s response is something along the lines of that\'s how it works like it or lump it!  The real solution is to buy something else for example the Nest it\'s main competitor.\n', '\n  \n']",['Reviewed in the United Kingdom on 15 July 2017'],['14 people found this helpful'],['2.0 out of 5 stars'],"['\n\n\n\n\n\n\n\n  \n  \n    ', 'Not very smart Thermostat', '\n  \n']"
8,[],"['\n\n\n\n\n\n\n\n\n\n  \n  \n    ', '\n  do not buy one of these. the temperature (despite what the advertise) is always off by at least 3-5 degrees C. it will say the house is warmer than it actually is and you end up wasting more money on heating.', 'the technical support on the hive website is rubbish as well.', 'Do not buy this device, it does not work!\n', '\n  \n']",['Reviewed in the United Kingdom on 29 September 2020'],[],['1.0 out of 5 stars'],"['\n\n\n\n\n\n\n\n  \n  \n    ', 'Do not buy one', '\n  \n']"
9,[],"['\n\n\n\n\n\n\n\n\n\n  \n  \n    ', '\n  I am loving the hive system. Have now extended to plugs & lamps!  This was easy to instal, easy to set up and the app makes life easy. I had tried another brand and was terrible compared to this\n', '\n  \n']",['Reviewed in the United Kingdom on 17 September 2018'],[],['5.0 out of 5 stars'],"['\n\n\n\n\n\n\n\n  \n  \n    ', 'Fan-bloody-tastic', '\n  \n']"
0,[],"['\n\n\n\n\n\n\n\n\n\n  \n  \n    ', '\n  Bought to replace a faulty thermostat and needed the Hub to use with smart phone so worked out as a great value bundle pack. Easy to install and sync up to existing receiver and now controlling with Alexa using Echo Dot\n', '\n  \n']",['Reviewed in the United Kingdom on 25 February 2018'],[],['5.0 out of 5 stars'],"['\n\n\n\n\n\n\n\n  \n  \n    ', 'Welcome to the future of heating control', '\n  \n']"
1,[],"['\n\n\n\n\n\n\n\n\n\n  \n  \n    ', '\n  Nice Quality, Simple to install with some basic electrical skills. Looking to save money over old manual thermostat with host of  scheduling control features and app for controlling remotely.\n', '\n  \n']",['Reviewed in the United Kingdom on 22 August 2018'],[],['5.0 out of 5 stars'],"['\n\n\n\n\n\n\n\n  \n  \n    ', 'Simple to Fit', '\n  \n']"
2,[],"['\n\n\n\n\n\n\n\n\n\n  \n  \n    ', '\n  I dunno how I lived without it before, I find it so convenient to turn the heating on useing my Apple Watch or Alexa. The boost option is fantastic, so u can just have the heating come on for an hour at the press of a button on your phone, watch.\n', '\n  \n']",['Reviewed in the United Kingdom on 6 November 2017'],[],['5.0 out of 5 stars'],"['\n\n\n\n\n\n\n\n  \n  \n    ', 'Great bit of kit', '\n  \n']"
3,[],"['\n\n\n\n\n\n\n\n\n\n  \n  \n    ', '\n  Wonderfull staff. You can control heating from your mobile. Many features allow you for example switch CH on/off when coming/leaving home or when you need it saving money on gas bills.', 'You‚Äôve got full control over your boiler. And its easy to use.', 'Even self installation wasn‚Äôt difficult.\n', '\n  \n']",['Reviewed in the United Kingdom on 27 October 2018'],[],['5.0 out of 5 stars'],"['\n\n\n\n\n\n\n\n  \n  \n    ', 'Brilliant staff', '\n  \n']"
4,[],"['\n\n\n\n\n\n\n\n\n\n  \n  \n    ', '\n  First off I must warn people who install this them selves, the instructions for wiring up the receiver are not so straight forward. I got the single channel version as i have a combi boiler so i followed the single wire diagram in the booklet and it just would not switch on, eventually i noticed on the back of the receiver a different diagram that was not in the book, Live and neutral were correct but for my boiler i did not need the common wire and all i had to do was install the off wire into number 1 and on wire into number 3 and behold it worked. Each boiler is different so i would advise to download the install instructions from hive website and check your boiler to see if you can easy install your self.', 'Now onto the installation of the thermostat, which was a little tricky as it did not want to communicate with all 3 devices but this was easily solved by login on to your hive account and deleting the thermostat and re adding it.', ""Now once everything installed this device works a treat:) I have a frost protection set in-case it gets to cold and pipes need protecting. I switch the device on to manual mode as it is summer/autumn and don't need any scheduled heating on until the cold weather comes."", 'What is good with this device is you can use your mobile phone to control your heating and schedule on the go :). So you may be out and it is cold and you think ""ohh i would love a nice warm home for when i get in"" well you can !!! you have two options here, option 1 is to simply switch the heating on and option 2 has a heat boost which you set how long you want the heating to be on for e.g 30 mins 1 hour or 2 hours etc.', 'Overall this device is the future and I intend to use this in conjunction with my log/coal burner.\n', '\n  \n']",['Reviewed in the United Kingdom on 30 September 2015'],['4 people found this helpful'],['5.0 out of 5 stars'],"['\n\n\n\n\n\n\n\n  \n  \n    ', 'Excellent product but self installers be warned.', '\n  \n']"
5,[],"['\n\n\n\n\n\n\n\n\n\n  \n  \n    ', '\n  One thing to remember...buy yourself the self install version(a few quid more expensive) you do not need British Gas to Install this product at ¬£250 and a long wait when your average sparky can connect the 4 wires from boiler to receiver and the average 10 year old will be able to do the rest by following the simple yet comprehensive instructions that come with the kit. Get yourself the self install version I say...yes alexa can control your heating, yes you can control your heating any where in the world via the hive app and yes you can buy the hive bulbs and sockets to add to the system, mine works perfectly on valliant condensing combi boiler\n', '\n  \n']",['Reviewed in the United Kingdom on 17 November 2017'],['23 people found this helpful'],['5.0 out of 5 stars'],"['\n\n\n\n\n\n\n\n  \n  \n    ', 'BRITISH GAS OR SELF INSTALL', '\n  \n']"
6,[],"['\n\n\n\n\n\n\n\n\n\n  \n  \n    ', '\n  Excellent and a bargain at the prime day price.  Easily to install and overcomes the nest problem of having to wire into a plug for power.  No learning feature but the programme control from the app is brilliant.  Definately recommend.\n', '\n  \n']",['Reviewed in the United Kingdom on 31 August 2018'],[],['5.0 out of 5 stars'],"['\n\n\n\n\n\n\n\n  \n  \n    ', 'Great smart thermostat', '\n  \n']"
7,[],"['\n\n\n\n\n\n\n\n\n\n  \n  \n    ', '\n  Good kit, easy diy installation, works well with Alexa and the hive app, Bought it based on sale price no complaints there but not apple home kit compatible which is a big let down.\n', '\n  \n']",['Reviewed in the United Kingdom on 26 September 2018'],[],['4.0 out of 5 stars'],"['\n\n\n\n\n\n\n\n  \n  \n    ', 'Not Apple home kit compatible', '\n  \n']"
8,[],"['\n\n\n\n\n\n\n\n\n\n  \n  \n    ', '\n  Just watch out for any existing thermostat. The Alexa control needs refining, but I;m sure that will get better.\n', '\n  \n']",['Reviewed in the United Kingdom on 7 January 2020'],[],['5.0 out of 5 stars'],"['\n\n\n\n\n\n\n\n  \n  \n    ', 'Easy to install', '\n  \n']"
9,[],"['\n\n\n\n\n\n\n\n\n\n  \n  \n    ', ""\n  I actually won my Hive 2 system from Screwfix in a competition around xmas time, i won the Hive 2 self installation version, so as i had a wireless thermostat already i figured that all the wires and bits would already be in place so with limited electrics experience i decided i'd give it a go myself."", 'Fitting the items was to be honest an absolute breeze, because i already had a wireless thermostat fitted beforehand, so i had the power and the relevant wires that control the boiler all in place, all i had to do was to transfer over the wires from old to new.', 'The Hive 2 comes packaged really well, all fits together like a jigsaw, with very good instructions to attempt to fit it yourself, first of all you will need an electrical screw driver to remove the old unit from the wall then if you look into the instructions Hive provide a really excellent idea a load of little sticky labels to label up all the wires as you detach them from the old unit so you know where to put them in the Hive unit.', ""Once the transfer of wires is done (Which was a piece of cake) in my case a total of 4 wires. Live and Neg power wires and two for controlling the boiler itself. I was surprised how easy it was to do, then mount it on the wall with the supplied base and you're done boiler side. Now for the easy bits..."", 'Next i plugged in the part that interacts with the internet, so you can use your unit through your smart phone etc, so you plug it into a normal wall socket near to your router, then plug the wire into the back of the router.', ""Now for the final phase which is the thermostat, you need to decide where you want it, so i put it up in the upstairs hallway as i want the babies to have the benefit of a stable temperature, i was worried with heat rising if i put it downstairs heat would rise and it would get too hot upstairs, so if it was upstairs the temperature would be comfortable and true to the setting i've punched into it, but we may be at a disadvantage downstairs, but over the period Dec-April we've been comfortable upstairs and down and have had no need to move the thermostat downstairs at all, the thermostat is simply fitted to a bracket you attach to your wall, if you are adverse to drilling holes etc i'd say you would be successful using sticky pads as the thermostat isn't too heavy for them to hold it."", ""Then you add the batteries to the thermostat and pretty much away you go, once i'd downloaded the app from the App store I found the programming the easiest out of any thermostat program EVER! Normally with every thermostat i've ever had i've been scratching my head as to the programming but the Hive system was mega easy and simple to do. Plus operating it through the smart phone and registering with Hive was easy too, absolutely astounded how easy it was from start to finish. I have given the Hive 2 five stars and would give them six if i could.\n"", '\n  \n']",['Reviewed in the United Kingdom on 3 April 2016'],['One person found this helpful'],['5.0 out of 5 stars'],"['\n\n\n\n\n\n\n\n  \n  \n    ', 'What a brilliant product and easy to fit yourself!', '\n  \n']"
0,[],"['\n\n\n\n\n\n\n\n\n\n  \n  \n    ', '\n  Do not buy this.  Only thermostat included not the hub etc as listed in the content information.\n', '\n  \n']",['Reviewed in the United Kingdom on 27 November 2019'],[],['1.0 out of 5 stars'],"['\n\n\n\n\n\n\n\n  \n  \n    ', 'Not as described do not buy', '\n  \n']"
1,[],"['\n\n\n\n\n\n\n\n\n\n  \n  \n    ', '\n  Works well after set up installation followed\n', '\n  \n']",['Reviewed in the United Kingdom on 8 August 2017'],[],['5.0 out of 5 stars'],"['\n\n\n\n\n\n\n\n  \n  \n    ', 'Five Stars', '\n  \n']"
2,[],"['\n\n\n\n\n\n\n\n\n\n  \n  \n    ', '\n  Just superb\n', '\n  \n']",['Reviewed in the United Kingdom on 18 August 2017'],[],['5.0 out of 5 stars'],"['\n\n\n\n\n\n\n\n  \n  \n    ', 'Five Stars', '\n  \n']"
3,[],"['\n\n\n\n\n\n\n\n\n\n  \n  \n    ', '\n  My hive receiver stopped heating the house. Tech support very unhelpful and no solution found.\n', '\n  \n']",['Reviewed in the United Kingdom on 7 September 2019'],['One person found this helpful'],['1.0 out of 5 stars'],"['\n\n\n\n\n\n\n\n  \n  \n    ', 'Terrible product', '\n  \n']"
4,[],"['\n\n\n\n\n\n\n\n\n\n  \n  \n    ', ""\n  I had been researching this product for a while. I did not like Nest's use of a USB charging lead so plumped for the Hive Active heating 2 and was not disappointed."", '4 wires (live and neutral for the supply and 2 switch wires to power up the heating) easily wired and working within half an hour.', 'Superb product and now looking forward to adding to the system with home lighting switchable sockets and movement sensors available\n', '\n  \n']",['Reviewed in the United Kingdom on 14 June 2016'],[],['5.0 out of 5 stars'],"['\n\n\n\n\n\n\n\n  \n  \n    ', 'Hive 2 quick and easy', '\n  \n']"
5,[],"['\n\n\n\n\n\n\n\n\n\n  \n  \n    ', '\n  What a piece of tat!', ""I had the full Hive install by BG engineers as soon as it was available in my area 3 years ago and they provided the equipment.. |We had numerous connectivity issues, the link simply wouldn't stay connected, the hub was offline/unrecognised, the transmitter wouldn't transmit, the thermostat wouldn't link.. even when all 3 were cms from each other it would not link. I eventually got the thermostat replaced with this sparkly shiny one.. it burns through batteries at an alarming rate.. 4 brand new Duracell batteries would last 4-5 days.. yes, DAYS!!"", ""I called 5 times, had engineers out 3 times, they eventually replaced the thermostat and the new one won't even connect or acknowledge the system. I have just contacted them again to try to get someone to come out and deal with it because over the phone instructions aren't getting us anywhere, it is just rubbish."", ""The Hive staff are always polite and as helpful as they can be but my system is simply not working.. I want a wired thermostat but they only have battery powered ones and I can't afford ¬£20 in batteries every month .. I am trying to save money not spend more!"", ""On the whole.. don't buy this rubbish, find something good and reliable.\n"", '\n  \n']",['Reviewed in the United Kingdom on 26 May 2017'],['One person found this helpful'],['1.0 out of 5 stars'],"['\n\n\n\n\n\n\n\n  \n  \n    ', 'Shop for something better!!', '\n  \n']"
6,[],"['\n\n\n\n\n\n\n\n\n\n  \n  \n    ', '\n  Great little device. Talks to Alexa!\n', '\n  \n']",['Reviewed in the United Kingdom on 23 August 2017'],['One person found this helpful'],['5.0 out of 5 stars'],"['\n\n\n\n\n\n\n\n  \n  \n    ', 'Five Stars', '\n  \n']"
7,[],"['\n\n\n\n\n\n\n\n\n\n  \n  \n    ', '\n  I have been trying to link accounts to get it to work but no luck have contacted amazon and hive and still not Working disappointed with product so far\n', '\n  \n']",['Reviewed in the United Kingdom on 22 August 2017'],[],['1.0 out of 5 stars'],"['\n\n\n\n\n\n\n\n  \n  \n    ', 'Unable to link accounts', '\n  \n']"
8,[],"['\n\n\n\n\n\n\n\n\n\n  \n  \n    ', '\n  I‚Äôve been debating one of these for a while and the price on Amazon Black Friday week made up my mind. There are videos on YouTube on how to install if you‚Äôve got some electrical know how, I haven‚Äôt so called in a favour from an electrician friend, it took him about half an hour.  There are three components, one next to the boiler, one near the router and a thermostat you can either wall mount or have free standing so you can move to different rooms. I only use mine to control the heating but you can add other devices such as bulbs and plugs. You can also have more than one user on the app.', 'As it‚Äôs not too cold at the moment and I‚Äôm home most of the day,  I have mine on manual but you can set regular schedules (see photos). If I wake in the night and I‚Äôm cold I can easily put the heating on or turn it off if I‚Äôm too hot, also if you‚Äôre out and about you can control the heating, plus if you have them you can also do the same with your lights and sockets. This is a great product and I wish I‚Äôd bought one sooner !\n', '\n  \n']",['Reviewed in the United Kingdom on 11 December 2020'],[],['5.0 out of 5 stars'],"['\n\n\n\n\n\n\n\n  \n  \n    ', 'Great product !', '\n  \n']"
9,[],"['\n\n\n\n\n\n\n\n\n\n  \n  \n    ', '\n  Absolutely delighted with this product works with Alexa and you can activate it remotely with your phone.', 'For combi boilers you need hive heating only for immersion tank and heating you need heating and hot water self-explanatory but not very clear in the description.', 'Plug-in the hive hub and Connect to Internet', 'Connect the receiver to boiler', 'Set up thermostat\n', '\n  \n']",['Reviewed in the United Kingdom on 23 December 2020'],['One person found this helpful'],['5.0 out of 5 stars'],"['\n\n\n\n\n\n\n\n  \n  \n    ', 'Brilliant bit of kit', '\n  \n']"
0,[],"['\n\n\n\n\n\n\n\n\n\n  \n  \n    ', '\n  Very happy with purchase. Boost function is really great . Technical support is brilliant.\n', '\n  \n']",['Reviewed in the United Kingdom on 11 December 2020'],[],['5.0 out of 5 stars'],"['\n\n\n\n\n\n\n\n  \n  \n    ', 'Must have have in each home', '\n  \n']"
1,[],"['\n\n\n\n\n\n\n\n\n\n  \n  \n    ', '\n  Easy enough to set up and attach to boiler. Took a while to get Alexa to connect but working fine now\n', '\n  \n']",['Reviewed in the United Kingdom on 28 March 2021'],[],['5.0 out of 5 stars'],"['\n\n\n\n\n\n\n\n  \n  \n    ', 'Easy to use', '\n  \n']"
2,[],"['\n\n\n\n\n\n\n\n\n\n  \n  \n    ', '\n  Great idea, easy to install very convenient and easy to use.\n', '\n  \n']",['Reviewed in the United Kingdom on 2 February 2019'],[],['5.0 out of 5 stars'],"['\n\n\n\n\n\n\n\n  \n  \n    ', 'Fab', '\n  \n']"
3,[],"['\n\n\n\n\n\n\n\n\n\n  \n  \n    ', '\n  Had Hive for about 6 weeks. Installation straightforward. Hub took about 10 mins to update once connected by cable to the Router. App excellent. Link with Alexa was easy to turn heating on or off.\n', '\n  \n']",['Reviewed in the United Kingdom on 2 February 2021'],[],['5.0 out of 5 stars'],"['\n\n\n\n\n\n\n\n  \n  \n    ', 'Hive Experience', '\n  \n']"
4,[],"['\n\n\n\n\n\n\n\n\n\n  \n  \n    ', '\n  Not enough information if you want to install yourself\n', '\n  \n']",['Reviewed in the United Kingdom on 11 January 2021'],[],['4.0 out of 5 stars'],"['\n\n\n\n\n\n\n\n  \n  \n    ', 'Overall pleased', '\n  \n']"
5,[],"['\n\n\n\n\n\n\n\n\n\n  \n  \n    ', '\n  V good\n', '\n  \n']",['Reviewed in the United Kingdom on 16 December 2020'],[],['5.0 out of 5 stars'],"['\n\n\n\n\n\n\n\n  \n  \n    ', 'V good', '\n  \n']"
6,[],"['\n\n\n\n\n\n\n\n\n\n  \n  \n    ', ""\n  It's one of those products which is good until it's not. After a year it stopped connecting to the hub. After about eighteen months it started to eat through a set of batteries a week. Tech support was pretty incompetent. I just binned the device rather than buying fifty-two sets of batteries a year.\n"", '\n  \n']",['Reviewed in the United Kingdom on 31 May 2021'],[],['1.0 out of 5 stars'],"['\n\n\n\n\n\n\n\n  \n  \n    ', ""Good, until it's not."", '\n  \n']"
